purchase_order_id,created_at,last_updated,staff_id,counterparty_id,item_code,item_quantity,item_unit_price,currency_id,agreed_delivery_date,agreed_payment_date,agreed_delivery_location_id
1,2022-11-03 14:20:52.187000,2022-11-03 14:20:52.187000,12,11,ZDOI5EA,371,361.39,2,2022-11-09,2022-11-07,6
2,2022-11-03 14:20:52.186000,2022-11-03 14:20:52.186000,20,17,QLZLEXR,286,199.04,2,2022-11-04,2022-11-07,8
3,2022-11-03 14:20:52.187000,2022-11-03 14:20:52.187000,12,15,AN3D85L,839,658.58,2,2022-11-05,2022-11-04,16
5,2022-11-03 14:20:52.186000,2022-11-03 14:20:52.186000,18,2,I9MET53,316,803.82,3,2022-11-10,2022-11-05,2
62,2022-11-30 08:02:10.683000,2022-11-30 08:02:10.683000,13,12,QKQQ9IS,597,714.89,2,2022-12-03,2022-12-03,11
6,2022-11-04 11:59:09.990000,2022-11-04 11:59:09.990000,11,5,DAOECK5,926,155.70,2,2022-11-04,2022-11-08,24
7,2022-11-04 12:18:09.885000,2022-11-04 12:18:09.885000,20,5,PBF02WW,51,909.87,2,2022-11-10,2022-11-07,7
8,2022-11-04 18:03:10.233000,2022-11-04 18:03:10.233000,15,20,8R25O35,119,782.15,2,2022-11-10,2022-11-09,5
10,2022-11-07 17:06:10.294000,2022-11-07 17:06:10.294000,3,10,M9NO0XK,14,695.86,2,2022-11-12,2022-11-09,13
11,2022-11-07 17:36:09.898000,2022-11-07 17:36:09.898000,15,4,RRGNEG2,991,225.64,3,2022-11-13,2022-11-08,29
13,2022-11-08 15:30:10.600000,2022-11-08 15:30:10.600000,6,20,M7DY4XU,850,596.50,3,2022-11-14,2022-11-09,19
14,2022-11-08 17:34:09.912000,2022-11-08 17:34:09.912000,19,7,LJDZX2T,582,321.35,2,2022-11-11,2022-11-11,25
15,2022-11-08 18:50:10.306000,2022-11-08 18:50:10.306000,7,15,53FS4LJ,217,616.20,2,2022-11-14,2022-11-09,6
16,2022-11-09 08:41:10.654000,2022-11-09 08:41:10.654000,13,17,XTI9R6R,998,93.43,3,2022-11-14,2022-11-10,12
4,2022-11-03 14:20:52.187000,2022-11-03 14:20:52.187000,18,17,P4O34NV,720,79.26,2,2022-11-06,2022-11-06,7
17,2022-11-10 13:10:10.329000,2022-11-10 13:10:10.329000,20,5,TJXHSOW,987,647.40,2,2022-11-14,2022-11-15,6
18,2022-11-10 13:16:09.911000,2022-11-10 13:16:09.911000,6,6,DFNGPZ1,342,675.04,3,2022-11-14,2022-11-11,23
19,2022-11-10 15:49:10.108000,2022-11-10 15:49:10.108000,11,4,IQ6Z9YA,621,472.45,2,2022-11-11,2022-11-11,14
20,2022-11-11 11:18:10.421000,2022-11-11 11:18:10.421000,8,15,GAU0VXO,848,145.77,3,2022-11-17,2022-11-16,22
21,2022-11-11 14:25:10.197000,2022-11-11 14:25:10.197000,4,20,T67H77C,385,593.00,2,2022-11-14,2022-11-17,30
22,2022-11-11 17:40:10.497000,2022-11-11 17:40:10.497000,7,7,GEMNFRI,606,476.82,3,2022-11-15,2022-11-17,28
23,2022-11-14 08:12:10.313000,2022-11-14 08:12:10.313000,16,18,CZM6IOU,227,668.72,2,2022-11-19,2022-11-15,2
24,2022-11-14 18:25:10.356000,2022-11-14 18:25:10.356000,13,10,NYBKXGX,708,484.26,3,2022-11-18,2022-11-15,24
26,2022-11-15 08:46:09.877000,2022-11-15 08:46:09.877000,3,10,8LZ0CE6,844,343.39,2,2022-11-15,2022-11-17,30
27,2022-11-15 15:39:10.617000,2022-11-15 15:39:10.617000,17,19,WBVSMXH,737,957.81,3,2022-11-19,2022-11-20,17
28,2022-11-15 17:12:10.531000,2022-11-15 17:12:10.531000,9,19,5MWHVVC,89,272.25,3,2022-11-19,2022-11-17,16
29,2022-11-17 13:01:10.403000,2022-11-17 13:01:10.403000,7,2,Y3GUQMG,870,511.06,3,2022-11-19,2022-11-19,3
30,2022-11-17 16:34:10.296000,2022-11-17 16:34:10.296000,7,13,BZ9844U,703,779.25,2,2022-11-20,2022-11-21,13
31,2022-11-17 17:01:10.091000,2022-11-17 17:01:10.091000,3,7,S9R4LED,391,200.76,3,2022-11-24,2022-11-22,10
32,2022-11-18 13:52:10.512000,2022-11-18 13:52:10.512000,18,11,2KCHQ3S,818,980.82,3,2022-11-21,2022-11-23,2
34,2022-11-18 16:54:10.339000,2022-11-18 16:54:10.339000,15,19,2V1R1Z9,867,354.00,3,2022-11-22,2022-11-19,29
35,2022-11-21 08:50:10.292000,2022-11-21 08:50:10.292000,13,14,MASCUUC,682,30.45,3,2022-11-21,2022-11-24,23
36,2022-11-21 14:51:10.476000,2022-11-21 14:51:10.476000,9,4,QWPK0F3,525,99.92,3,2022-11-25,2022-11-22,29
37,2022-11-21 17:40:10.151000,2022-11-21 17:40:10.151000,19,19,AVTOJ6F,902,336.79,2,2022-11-24,2022-11-25,3
38,2022-11-22 10:40:10.213000,2022-11-22 10:40:10.213000,16,2,Q09PCAI,965,977.67,3,2022-11-27,2022-11-24,29
39,2022-11-22 12:23:10.271000,2022-11-22 12:23:10.271000,14,6,TFBCIRE,214,345.55,3,2022-11-26,2022-11-27,30
40,2022-11-22 13:38:10.357000,2022-11-22 13:38:10.357000,5,7,WZ7AEP7,489,180.52,3,2022-11-22,2022-11-24,14
41,2022-11-22 17:02:10.130000,2022-11-22 17:02:10.130000,4,20,125IBOG,288,894.07,2,2022-11-23,2022-11-23,19
42,2022-11-22 18:41:10.413000,2022-11-22 18:41:10.413000,10,20,192K94Q,154,977.75,3,2022-11-22,2022-11-28,12
43,2022-11-23 10:55:10.588000,2022-11-23 10:55:10.588000,3,15,ERKM497,865,343.27,3,2022-11-23,2022-11-28,2
44,2022-11-24 10:05:09.988000,2022-11-24 10:05:09.988000,7,20,BJ74S77,273,261.07,3,2022-11-28,2022-11-25,29
45,2022-11-24 10:07:10.009000,2022-11-24 10:07:10.009000,8,20,HWP01PM,714,49.15,3,2022-11-27,2022-11-24,8
46,2022-11-24 12:59:10.194000,2022-11-24 12:59:10.194000,20,5,MNZGQ80,61,346.91,3,2022-11-27,2022-11-28,20
47,2022-11-24 14:24:10.180000,2022-11-24 14:24:10.180000,6,19,9NSEYM2,287,746.27,2,2022-11-30,2022-11-29,18
48,2022-11-24 16:46:10.333000,2022-11-24 16:46:10.333000,17,4,AC6KJXU,129,116.24,3,2022-11-30,2022-11-25,8
49,2022-11-25 10:03:10.592000,2022-11-25 10:03:10.592000,12,7,LYOYVQI,248,757.18,3,2022-11-30,2022-11-26,24
50,2022-11-25 12:27:10.103000,2022-11-25 12:27:10.103000,16,20,UO837BJ,407,419.45,3,2022-11-28,2022-11-29,6
51,2022-11-25 15:26:10.298000,2022-11-25 15:26:10.298000,20,3,49DELPD,976,769.01,3,2022-12-02,2022-11-27,12
53,2022-11-28 10:07:10.403000,2022-11-28 10:07:10.403000,6,10,9YOXW3R,416,431.19,2,2022-12-04,2022-11-29,13
54,2022-11-28 13:38:10.234000,2022-11-28 13:38:10.234000,14,6,G7NZQQP,884,455.39,3,2022-12-05,2022-12-02,2
55,2022-11-28 17:20:10.500000,2022-11-28 17:20:10.500000,20,4,QXJRI5A,356,319.48,3,2022-11-30,2022-12-04,18
56,2022-11-29 10:24:10.405000,2022-11-29 10:24:10.405000,3,12,C0X781W,333,490.10,3,2022-12-03,2022-12-03,23
57,2022-11-29 13:39:10.260000,2022-11-29 13:39:10.260000,2,4,O4ROVNB,370,120.37,3,2022-12-03,2022-12-01,25
58,2022-11-29 15:28:10.130000,2022-11-29 15:28:10.130000,13,9,4E2HK38,28,593.03,2,2022-12-03,2022-11-30,23
59,2022-11-29 15:57:09.758000,2022-11-29 15:57:09.758000,5,11,23X5OSY,256,792.09,3,2022-12-04,2022-12-01,26
60,2022-11-29 16:44:10.130000,2022-11-29 16:44:10.130000,17,13,HQOQR49,750,813.96,2,2022-12-06,2022-12-02,28
61,2022-11-29 16:58:10.193000,2022-11-29 16:58:10.193000,15,19,03AYJOM,817,273.41,2,2022-12-01,2022-12-03,7
63,2022-11-30 11:10:10.276000,2022-11-30 11:10:10.276000,15,12,K40Y8WT,215,37.05,3,2022-12-06,2022-12-03,23
64,2022-11-30 13:50:10.565000,2022-11-30 13:50:10.565000,18,6,MEGVKKT,205,850.12,3,2022-12-03,2022-12-04,2
66,2022-11-30 16:19:10.238000,2022-11-30 16:19:10.238000,11,8,9HYLXXC,364,962.57,3,2022-12-01,2022-12-01,28
67,2022-11-30 16:31:10.081000,2022-11-30 16:31:10.081000,7,17,LP1G6EQ,540,540.11,2,2022-12-07,2022-12-02,30
68,2022-12-01 08:51:10.319000,2022-12-01 08:51:10.319000,17,11,V2YLM1K,100,713.78,3,2022-12-02,2022-12-02,24
65,2022-11-30 15:56:10.320000,2022-11-30 15:56:10.320000,9,9,ADRY56K,491,767.45,2,2022-12-03,2022-12-03,16
69,2022-12-02 08:02:10.602000,2022-12-02 08:02:10.602000,17,16,F8YEJO7,619,554.18,3,2022-12-02,2022-12-03,12
52,2022-11-25 15:52:11.948000,2022-11-25 15:52:11.948000,6,9,5NKH610,615,108.29,3,2022-11-26,2022-11-26,13
9,2022-11-07 11:16:10.249000,2022-11-07 11:16:10.249000,15,11,7GNX4Q9,818,464.83,2,2023-01-28,2022-11-13,8
33,2022-11-18 16:45:10.296000,2022-11-18 16:45:10.296000,19,8,8M1W7NO,225,905.38,3,2022-11-23,2022-11-20,6
25,2022-11-15 08:12:10.373000,2022-11-15 08:12:10.373000,11,19,2NUNHIZ,842,251.09,2,2022-11-19,2022-11-15,2
12,2022-11-08 14:07:10.394000,2022-11-08 14:07:10.394000,10,15,IWKEK7C,917,226.71,3,2022-11-15,2022-11-08,25
71,2022-12-02 14:08:10.419000,2022-12-02 14:08:10.419000,7,7,VTDGFWB,78,310.64,2,2022-12-03,2022-12-06,3
72,2022-12-02 14:33:10.499000,2022-12-02 14:33:10.499000,13,11,IDEJZEC,357,665.10,3,2022-12-03,2022-12-07,3
73,2022-12-02 14:57:10.268000,2022-12-02 14:57:10.268000,13,5,4UC2DPM,645,950.75,2,2022-12-04,2022-12-07,3
74,2022-12-02 18:18:10.013000,2022-12-02 18:18:10.013000,8,9,UKKC2IB,143,720.38,3,2022-12-05,2022-12-06,24
75,2022-12-05 11:15:10.567000,2022-12-05 11:15:10.567000,11,7,S6VGIQD,338,189.94,3,2022-12-12,2022-12-10,13
76,2022-12-05 13:52:10.727000,2022-12-05 13:52:10.727000,7,13,CIFE05X,139,225.75,2,2022-12-07,2022-12-09,4
77,2022-12-07 10:16:10.443000,2022-12-07 10:16:10.443000,11,17,MJNU825,59,869.98,3,2022-12-09,2022-12-10,5
78,2022-12-07 18:50:10.398000,2022-12-07 18:50:10.398000,13,9,VIQIIJP,505,53.00,3,2022-12-10,2022-12-08,27
79,2022-12-08 08:26:10.158000,2022-12-08 08:26:10.158000,19,9,T4HR284,738,808.76,3,2022-12-08,2022-12-08,18
80,2022-12-08 13:22:10.352000,2022-12-08 13:22:10.352000,8,5,NSMQ9R0,272,39.24,3,2022-12-11,2022-12-09,21
81,2022-12-08 13:55:09.735000,2022-12-08 13:55:09.735000,4,11,R8QYXVD,144,519.65,2,2022-12-14,2022-12-11,27
82,2022-12-08 15:09:10.310000,2022-12-08 15:09:10.310000,8,9,2P133O7,648,366.90,2,2022-12-11,2022-12-09,28
84,2022-12-08 18:36:10.150000,2022-12-08 18:36:10.150000,5,20,SPUOWHK,953,288.58,3,2022-12-14,2022-12-10,29
85,2022-12-09 08:02:10.559000,2022-12-09 08:02:10.559000,12,17,XP2H8BI,80,351.64,3,2022-12-10,2022-12-13,4
86,2022-12-09 08:34:10.212000,2022-12-09 08:34:10.212000,9,4,MJWBM67,858,921.62,3,2022-12-12,2022-12-11,9
87,2022-12-09 12:50:09.993000,2022-12-09 12:50:09.993000,16,6,AEFRPKS,830,720.62,3,2022-12-11,2022-12-13,3
132,2022-12-19 12:51:10.277000,2022-12-19 12:51:10.277000,16,8,2YA6UBQ,917,516.20,3,2022-12-20,2022-12-20,16
88,2022-12-09 18:05:10.448000,2022-12-09 18:05:10.448000,4,2,MG91QP1,676,774.47,2,2022-12-13,2022-12-09,22
83,2022-12-08 18:26:09.915000,2022-12-08 18:26:09.915000,11,8,3UJB8GE,853,101.01,3,2022-12-08,2022-12-14,26
89,2022-12-12 09:24:12.873000,2022-12-12 09:24:12.873000,17,13,DP8W8DH,769,97.92,2,2022-12-15,2022-12-14,12
90,2022-12-12 10:09:10.209000,2022-12-12 10:09:10.209000,20,17,DO51WYY,485,52.96,2,2022-12-19,2022-12-17,29
91,2022-12-12 10:19:10.089000,2022-12-12 10:19:10.089000,14,14,2S27ZG5,546,698.97,3,2022-12-13,2022-12-16,14
92,2022-12-12 12:17:10.239000,2022-12-12 12:17:10.239000,16,20,7AMGCNF,743,394.68,3,2022-12-15,2022-12-17,3
93,2022-12-12 13:28:10.424000,2022-12-12 13:28:10.424000,13,17,OPIRN1G,559,963.16,3,2022-12-19,2022-12-15,5
94,2022-12-12 15:06:10.283000,2022-12-12 15:06:10.283000,7,10,J1UB4WJ,970,592.24,3,2022-12-19,2022-12-13,11
95,2022-12-13 10:17:10.686000,2022-12-13 10:17:10.686000,4,9,VJGSU83,384,181.32,3,2022-12-13,2022-12-16,4
96,2022-12-13 10:18:10.659000,2022-12-13 10:18:10.659000,14,11,NL8SGGF,659,105.34,2,2022-12-13,2022-12-17,9
97,2022-12-13 11:54:10.025000,2022-12-13 11:54:10.025000,20,12,V0AFR0X,973,256.06,3,2022-12-16,2022-12-16,10
98,2022-12-13 12:09:10.185000,2022-12-13 12:09:10.185000,5,15,F0B03XM,728,721.31,3,2022-12-17,2022-12-15,16
99,2022-12-13 12:18:10.077000,2022-12-13 12:18:10.077000,15,10,PWGV53M,792,483.52,2,2022-12-17,2022-12-16,15
100,2022-12-13 13:19:10.182000,2022-12-13 13:19:10.182000,16,5,0DD1XVN,240,446.58,3,2022-12-20,2022-12-14,9
101,2022-12-13 15:07:10.092000,2022-12-13 15:07:10.092000,10,16,DGA4V8L,333,800.84,3,2022-12-19,2022-12-16,18
102,2022-12-13 15:40:10.165000,2022-12-13 15:40:10.165000,19,5,PGU0W4K,505,136.99,3,2022-12-19,2022-12-16,27
104,2022-12-13 18:27:10.132000,2022-12-13 18:27:10.132000,10,10,GGETAGU,558,147.04,2,2022-12-14,2022-12-18,18
105,2022-12-13 18:50:10.373000,2022-12-13 18:50:10.373000,3,4,SWRITQQ,838,361.67,2,2022-12-19,2022-12-19,12
106,2022-12-13 18:52:09.954000,2022-12-13 18:52:09.954000,4,17,11N4ER1,927,745.04,2,2022-12-17,2022-12-17,19
107,2022-12-14 08:13:10.032000,2022-12-14 08:13:10.032000,4,17,X5MBN57,319,107.69,2,2022-12-20,2022-12-16,5
109,2022-12-14 09:46:10.237000,2022-12-14 09:46:10.237000,19,6,3CAMLXR,270,99.03,3,2022-12-18,2022-12-17,20
110,2022-12-14 11:21:10.318000,2022-12-14 11:21:10.318000,10,18,WXD3EAW,564,212.37,2,2022-12-16,2022-12-15,24
111,2022-12-14 11:27:09.890000,2022-12-14 11:27:09.890000,16,6,GPGE3ZI,527,708.01,2,2022-12-14,2022-12-17,22
112,2022-12-14 13:16:10.432000,2022-12-14 13:16:10.432000,13,9,MVZS73K,770,436.68,3,2022-12-15,2022-12-15,20
113,2022-12-14 15:21:10.330000,2022-12-14 15:21:10.330000,7,11,W5G6UVF,438,916.35,3,2022-12-14,2022-12-17,18
114,2022-12-14 15:46:09.955000,2022-12-14 15:46:09.955000,11,15,2GO6WWS,175,388.29,2,2022-12-20,2022-12-15,2
115,2022-12-14 16:33:10.154000,2022-12-14 16:33:10.154000,12,9,L993EQO,141,861.28,3,2022-12-17,2022-12-20,27
116,2022-12-15 08:25:10.328000,2022-12-15 08:25:10.328000,5,7,2SWVFZ7,586,944.05,2,2022-12-20,2022-12-16,28
117,2022-12-15 08:34:10.173000,2022-12-15 08:34:10.173000,12,20,2RFSJ98,769,127.55,3,2022-12-16,2022-12-17,26
118,2022-12-15 11:25:10,2022-12-15 11:25:10,3,15,4S1BRDD,142,824.19,2,2022-12-20,2022-12-16,13
120,2022-12-15 12:00:10.265000,2022-12-15 12:00:10.265000,10,17,UK1Z6QF,464,275.41,2,2022-12-18,2022-12-18,21
121,2022-12-15 12:19:10.475000,2022-12-15 12:19:10.475000,12,10,LH3PZ22,121,675.18,2,2022-12-16,2022-12-20,20
122,2022-12-15 13:03:09.892000,2022-12-15 13:03:09.892000,20,18,PJNM066,597,909.08,2,2022-12-16,2022-12-20,2
123,2022-12-15 15:50:10.110000,2022-12-15 15:50:10.110000,14,14,12NS8JF,197,422.97,2,2022-12-18,2022-12-17,20
124,2022-12-16 08:07:10.327000,2022-12-16 08:07:10.327000,15,18,9GXZ3I1,606,94.68,3,2022-12-22,2022-12-21,13
125,2022-12-16 09:55:10.232000,2022-12-16 09:55:10.232000,2,10,V343HI2,158,124.42,2,2022-12-22,2022-12-16,8
126,2022-12-16 12:24:10.368000,2022-12-16 12:24:10.368000,19,10,WNGGMN0,630,951.49,2,2022-12-18,2022-12-18,30
127,2022-12-16 15:10:10.347000,2022-12-16 15:10:10.347000,16,17,IO9OX77,822,979.29,3,2022-12-18,2022-12-20,12
128,2022-12-16 15:21:09.951000,2022-12-16 15:21:09.951000,3,7,LF26C6K,533,803.24,2,2022-12-19,2022-12-16,8
129,2022-12-16 17:53:10.169000,2022-12-16 17:53:10.169000,15,4,HTWKUE9,87,577.72,3,2022-12-21,2022-12-18,26
130,2022-12-19 10:12:10.307000,2022-12-19 10:12:10.307000,19,5,GIPANY0,194,274.81,3,2022-12-20,2022-12-20,25
70,2022-12-02 11:25:09.933000,2022-12-02 11:25:09.933000,7,20,QZ2HVCZ,677,240.75,3,2022-12-08,2022-12-02,29
131,2022-12-19 12:42:10.352000,2022-12-19 12:42:10.352000,15,11,34A3HX5,778,45.12,3,2022-12-25,2022-12-25,22
133,2022-12-19 14:25:10.022000,2022-12-19 14:25:10.022000,5,9,Q5X056K,971,473.32,2,2022-12-22,2022-12-25,14
134,2022-12-19 14:37:09.708000,2022-12-19 14:37:09.708000,11,2,C9Z24FU,558,494.56,3,2022-12-20,2022-12-19,6
135,2022-12-19 14:53:10.202000,2022-12-19 14:53:10.202000,16,8,FMLAFUA,232,121.78,2,2022-12-24,2022-12-22,3
136,2022-12-19 18:28:10.184000,2022-12-19 18:28:10.184000,18,13,2O48I0H,35,307.85,3,2022-12-26,2022-12-23,15
137,2022-12-19 18:55:10.428000,2022-12-19 18:55:10.428000,18,15,SS01OPB,425,124.55,2,2022-12-24,2022-12-21,16
138,2022-12-20 08:26:10.196000,2022-12-20 08:26:10.196000,11,20,GHSIKTT,139,745.51,2,2022-12-21,2022-12-25,16
119,2022-12-15 11:36:10.169000,2022-12-15 11:36:10.169000,5,3,1FLZZ99,485,603.65,2,2022-12-27,2022-12-15,23
139,2022-12-20 09:23:10.417000,2022-12-20 09:23:10.417000,3,5,OYKTS36,730,201.81,2,2022-12-26,2022-12-21,2
103,2022-12-13 17:29:10.259000,2022-12-13 17:29:10.259000,13,4,BPZSOA4,109,861.02,2,2023-01-09,2022-12-18,8
140,2022-12-20 10:04:10.245000,2022-12-20 10:04:10.245000,7,20,OQQAFJ9,270,194.45,2,2022-12-23,2022-12-21,18
141,2022-12-20 12:28:10.506000,2022-12-20 12:28:10.506000,10,12,WXMGK3C,288,676.43,3,2022-12-23,2022-12-21,30
142,2022-12-20 13:16:10.189000,2022-12-20 13:16:10.189000,20,18,QC0Y8FE,183,567.67,3,2022-12-27,2022-12-21,8
143,2022-12-20 14:12:10.244000,2022-12-20 14:12:10.244000,2,19,PXE5IK2,107,760.76,2,2022-12-26,2022-12-21,16
144,2022-12-20 14:38:10.150000,2022-12-20 14:38:10.150000,2,3,YDSD70A,103,770.89,3,2022-12-24,2022-12-25,5
145,2022-12-20 17:37:10.401000,2022-12-20 17:37:10.401000,8,15,LLKWIMN,426,948.80,2,2022-12-25,2022-12-22,26
146,2022-12-21 09:14:10.165000,2022-12-21 09:14:10.165000,20,18,DXTKLTH,95,750.72,2,2022-12-27,2022-12-25,15
147,2022-12-21 09:35:10.114000,2022-12-21 09:35:10.114000,18,17,6NKBVTN,684,943.55,3,2022-12-22,2022-12-23,16
148,2022-12-21 10:28:10.462000,2022-12-21 10:28:10.462000,20,3,1RDHKBB,711,933.22,3,2022-12-21,2022-12-26,13
149,2022-12-21 11:07:10.047000,2022-12-21 11:07:10.047000,12,14,ZCAFMI7,336,543.06,3,2022-12-22,2022-12-22,13
108,2022-12-14 08:28:10.679000,2022-12-14 08:28:10.679000,19,5,25POQ2A,758,994.73,2,2022-12-25,2022-12-14,7
151,2022-12-21 16:37:09.839000,2022-12-21 16:37:09.839000,6,17,10M8P9R,799,367.57,3,2022-12-25,2022-12-23,29
152,2022-12-22 08:01:10.180000,2022-12-22 08:01:10.180000,18,12,W2A96E2,755,724.16,3,2022-12-23,2022-12-26,29
153,2022-12-22 08:08:09.915000,2022-12-22 08:08:09.915000,7,2,CR0VX96,665,559.36,2,2022-12-26,2022-12-26,8
154,2022-12-22 08:42:10.292000,2022-12-22 08:42:10.292000,17,19,TL5BRYY,737,248.52,2,2022-12-26,2022-12-27,20
155,2022-12-22 09:02:10.237000,2022-12-22 09:02:10.237000,11,8,TYF7MRZ,692,327.00,3,2022-12-25,2022-12-24,21
156,2022-12-22 10:14:10.143000,2022-12-22 10:14:10.143000,11,6,3Z5LD5I,615,492.43,2,2022-12-27,2022-12-26,18
157,2022-12-22 10:55:10.453000,2022-12-22 10:55:10.453000,17,20,DI6WQ3P,722,632.95,2,2022-12-28,2022-12-23,8
158,2022-12-22 11:58:10.097000,2022-12-22 11:58:10.097000,9,5,PDO3YJR,258,916.17,2,2022-12-26,2022-12-25,4
159,2022-12-22 12:19:09.742000,2022-12-22 12:19:09.742000,6,15,RZLMR24,846,282.74,2,2022-12-22,2022-12-28,15
160,2022-12-22 13:01:10.297000,2022-12-22 13:01:10.297000,15,9,0Z9GF0O,250,297.84,2,2022-12-27,2022-12-26,24
161,2022-12-22 13:03:10.188000,2022-12-22 13:03:10.188000,18,6,5BHIPH0,12,248.68,3,2022-12-27,2022-12-22,9
162,2022-12-22 14:08:09.981000,2022-12-22 14:08:09.981000,18,19,ZTN5UL9,438,783.35,2,2022-12-23,2022-12-26,7
163,2022-12-22 14:36:10.439000,2022-12-22 14:36:10.439000,11,5,KTYAAB3,71,207.37,3,2022-12-27,2022-12-22,5
164,2022-12-22 14:49:10.293000,2022-12-22 14:49:10.293000,9,13,UYK2A0U,635,536.97,3,2022-12-26,2022-12-23,21
165,2022-12-22 15:03:10.229000,2022-12-22 15:03:10.229000,10,16,RQD9D70,867,836.77,2,2022-12-24,2022-12-23,29
166,2022-12-22 17:13:10.373000,2022-12-22 17:13:10.373000,18,7,3SA63QH,943,240.73,2,2022-12-24,2022-12-27,14
167,2022-12-22 17:42:10.730000,2022-12-22 17:42:10.730000,13,3,2HO9XU9,140,78.82,2,2022-12-28,2022-12-24,4
168,2022-12-22 18:29:10.922000,2022-12-22 18:29:10.922000,12,7,BFEL7F6,708,9.79,3,2022-12-26,2022-12-26,6
169,2022-12-22 18:39:09.895000,2022-12-22 18:39:09.895000,4,6,YEGVJHM,353,172.20,2,2022-12-25,2022-12-28,2
170,2022-12-23 08:36:10.594000,2022-12-23 08:36:10.594000,17,13,TQS7YE8,998,527.97,3,2022-12-24,2022-12-25,14
171,2022-12-23 10:05:09.988000,2022-12-23 10:05:09.988000,18,13,AKVK51K,366,970.89,3,2022-12-24,2022-12-24,24
173,2022-12-23 11:41:09.865000,2022-12-23 11:41:09.865000,16,18,9XGR8NI,515,699.40,2,2022-12-26,2022-12-26,23
174,2022-12-23 11:43:10.304000,2022-12-23 11:43:10.304000,7,18,BQIVW95,319,177.74,3,2022-12-26,2022-12-25,18
175,2022-12-23 12:03:09.930000,2022-12-23 12:03:09.930000,12,9,O8017Y2,910,504.20,2,2022-12-30,2022-12-23,29
176,2022-12-23 13:34:10.189000,2022-12-23 13:34:10.189000,7,15,1L2Y2J6,565,796.22,2,2022-12-25,2022-12-28,27
177,2022-12-23 13:56:09.786000,2022-12-23 13:56:09.786000,17,16,KBPQTUB,625,910.36,2,2022-12-30,2022-12-26,9
178,2022-12-26 12:36:09.870000,2022-12-26 12:36:09.870000,3,8,MQ8W1KP,837,13.95,2,2022-12-26,2022-12-27,6
179,2022-12-26 12:42:10.758000,2022-12-26 12:42:10.758000,11,4,HYYJLWH,49,992.64,3,2022-12-31,2022-12-28,24
180,2022-12-26 13:14:10.293000,2022-12-26 13:14:10.293000,16,19,BFHZ92G,374,52.11,3,2023-01-02,2022-12-29,3
181,2022-12-26 17:55:10.414000,2022-12-26 17:55:10.414000,8,19,4GT5QMV,798,712.73,3,2022-12-27,2022-12-30,16
182,2022-12-26 18:36:10.260000,2022-12-26 18:36:10.260000,20,14,1SECZLJ,249,789.17,2,2023-01-02,2022-12-27,15
183,2022-12-26 18:54:10.601000,2022-12-26 18:54:10.601000,3,17,F5KH2FO,715,108.21,3,2022-12-27,2022-12-27,12
184,2022-12-27 08:07:10.181000,2022-12-27 08:07:10.181000,6,13,7FZZIK6,219,171.42,3,2023-01-01,2023-01-01,4
185,2022-12-27 11:15:10.232000,2022-12-27 11:15:10.232000,13,6,56ZRCHT,574,776.38,2,2023-01-03,2022-12-28,18
186,2022-12-27 13:28:10.345000,2022-12-27 13:28:10.345000,15,12,S14KH0Z,163,951.79,3,2022-12-28,2022-12-31,21
187,2022-12-27 16:25:10.386000,2022-12-27 16:25:10.386000,7,10,BXH1KEM,173,100.30,2,2022-12-29,2022-12-31,10
188,2022-12-27 16:39:09.855000,2022-12-27 16:39:09.855000,2,13,UUF3IAF,998,930.64,3,2022-12-30,2022-12-31,30
189,2022-12-28 08:30:10.396000,2022-12-28 08:30:10.396000,6,7,ZCVH56P,574,884.74,3,2023-01-03,2023-01-02,22
190,2022-12-28 08:38:10.153000,2022-12-28 08:38:10.153000,19,2,FNMOBDA,54,287.96,2,2023-01-03,2022-12-30,26
191,2022-12-28 09:39:10.030000,2022-12-28 09:39:10.030000,5,2,6EIZ8I3,315,960.52,2,2023-01-04,2023-01-02,19
192,2022-12-28 12:11:10.119000,2022-12-28 12:11:10.119000,13,4,6Q1AUL9,81,379.65,3,2022-12-29,2023-01-01,20
193,2022-12-28 17:10:10.665000,2022-12-28 17:10:10.665000,7,3,9Q0E5V0,901,153.88,2,2023-01-03,2023-01-03,2
194,2022-12-28 17:13:10.391000,2022-12-28 17:13:10.391000,19,18,OVAK2UI,501,725.93,2,2022-12-31,2023-01-02,8
195,2022-12-28 18:10:10.323000,2022-12-28 18:10:10.323000,17,12,J3RG77W,870,847.97,3,2023-01-01,2023-01-02,27
196,2022-12-28 18:14:09.878000,2022-12-28 18:14:09.878000,14,15,CAABSD8,71,585.48,3,2022-12-28,2023-01-01,24
197,2022-12-28 18:38:10.180000,2022-12-28 18:38:10.180000,4,15,GWU0PP2,750,257.44,3,2023-01-03,2023-01-02,17
198,2022-12-29 08:27:10.377000,2022-12-29 08:27:10.377000,19,17,JDDKRB3,310,793.09,3,2023-01-04,2023-01-03,4
199,2022-12-29 10:36:10.309000,2022-12-29 10:36:10.309000,19,14,38H26ON,809,42.87,3,2022-12-30,2023-01-01,13
200,2022-12-29 11:46:10.136000,2022-12-29 11:46:10.136000,6,17,D5EDUDK,925,147.28,3,2023-01-01,2022-12-30,28
201,2022-12-29 13:58:10.565000,2022-12-29 13:58:10.565000,15,18,X9VT780,239,649.54,2,2023-01-02,2022-12-30,20
203,2022-12-29 14:22:09.967000,2022-12-29 14:22:09.967000,5,20,OIR4C3A,520,693.92,3,2023-01-01,2023-01-02,28
204,2022-12-29 14:52:09.924000,2022-12-29 14:52:09.924000,16,20,0W2LNP3,440,930.76,2,2023-01-02,2022-12-31,20
205,2022-12-29 15:36:10.165000,2022-12-29 15:36:10.165000,3,3,FG5RVJA,504,5.51,2,2022-12-29,2022-12-29,13
207,2022-12-29 16:42:10.270000,2022-12-29 16:42:10.270000,2,6,87TNYNL,986,69.38,3,2023-01-04,2022-12-31,15
208,2022-12-29 18:05:10.285000,2022-12-29 18:05:10.285000,19,10,QVOOFDK,892,796.24,3,2023-01-05,2023-01-03,10
150,2022-12-21 14:45:10.307000,2022-12-21 14:45:10.307000,13,11,VU4LR5L,421,154.26,3,2022-12-22,2022-12-24,16
202,2022-12-29 14:06:09.890000,2022-12-29 14:06:09.890000,16,9,W9BT2ES,683,653.64,2,2023-02-17,2022-12-31,28
172,2022-12-23 11:28:10.470000,2022-12-23 11:28:10.470000,20,19,167VUTB,583,721.77,2,2022-12-24,2022-12-24,24
209,2022-12-30 09:43:10.374000,2022-12-30 09:43:10.374000,5,4,TC94P9Q,177,810.30,3,2023-01-01,2023-01-03,8
210,2022-12-30 11:27:10.519000,2022-12-30 11:27:10.519000,20,13,7WZXU5H,603,599.64,2,2023-01-04,2023-01-03,8
211,2022-12-30 11:49:10.270000,2022-12-30 11:49:10.270000,18,13,SNQC5AZ,153,733.27,3,2022-12-31,2023-01-04,10
212,2022-12-30 14:01:10.078000,2022-12-30 14:01:10.078000,11,4,NWR3DJW,892,524.60,2,2023-01-04,2023-01-05,23
213,2023-01-02 10:06:09.941000,2023-01-02 10:06:09.941000,19,7,77EMUEZ,359,545.13,3,2023-01-08,2023-01-06,21
214,2023-01-02 10:24:10.293000,2023-01-02 10:24:10.293000,13,7,IJCREKH,610,474.94,3,2023-01-06,2023-01-04,8
217,2023-01-02 14:46:10.392000,2023-01-02 14:46:10.392000,12,5,D5LMU6G,570,433.46,2,2023-01-07,2023-01-06,13
219,2023-01-02 15:10:10.373000,2023-01-02 15:10:10.373000,9,8,HKWBOJX,89,561.28,2,2023-01-04,2023-01-04,17
220,2023-01-02 15:26:09.943000,2023-01-02 15:26:09.943000,18,19,SHBK82C,449,282.57,2,2023-01-06,2023-01-03,14
221,2023-01-02 17:24:10.347000,2023-01-02 17:24:10.347000,16,8,QZS8Y0D,693,598.68,2,2023-01-03,2023-01-03,10
222,2023-01-02 17:29:10.477000,2023-01-02 17:29:10.477000,4,4,OPJBUI5,782,30.39,3,2023-01-08,2023-01-03,30
224,2023-01-02 18:36:10.211000,2023-01-02 18:36:10.211000,10,3,VC3Q7PG,954,6.91,2,2023-01-06,2023-01-05,18
225,2023-01-03 10:58:10.261000,2023-01-03 10:58:10.261000,12,17,3NLNKRZ,17,895.08,2,2023-01-05,2023-01-04,22
226,2023-01-03 11:55:09.938000,2023-01-03 11:55:09.938000,6,6,F5ODNPV,916,103.67,2,2023-01-09,2023-01-03,9
227,2023-01-03 13:19:09.987000,2023-01-03 13:19:09.987000,9,17,SQYVSBF,494,75.17,3,2023-01-08,2023-01-06,4
228,2023-01-03 13:36:10.509000,2023-01-03 13:36:10.509000,8,8,8ML4XAG,619,444.60,3,2023-01-07,2023-01-07,9
230,2023-01-03 14:41:09.913000,2023-01-03 14:41:09.913000,18,20,X42IWRR,139,524.69,2,2023-01-08,2023-01-06,19
231,2023-01-03 16:22:10.213000,2023-01-03 16:22:10.213000,19,3,GRQVAH6,915,694.06,2,2023-01-10,2023-01-07,18
232,2023-01-03 17:25:10.333000,2023-01-03 17:25:10.333000,4,14,ZYXHLCI,743,267.79,2,2023-01-06,2023-01-05,3
233,2023-01-03 18:00:10.802000,2023-01-03 18:00:10.802000,14,3,8X26U4F,924,66.91,3,2023-01-05,2023-01-03,11
234,2023-01-04 08:19:10.173000,2023-01-04 08:19:10.173000,19,2,TNLZIPO,851,855.25,3,2023-01-07,2023-01-09,17
235,2023-01-04 10:15:10.184000,2023-01-04 10:15:10.184000,4,14,JWKKSW0,886,490.44,2,2023-01-10,2023-01-07,28
236,2023-01-04 12:39:10.159000,2023-01-04 12:39:10.159000,6,17,FCK8XNO,928,560.92,3,2023-01-11,2023-01-09,12
237,2023-01-04 13:36:10.333000,2023-01-04 13:36:10.333000,10,3,3TDCIFD,902,408.30,2,2023-01-07,2023-01-07,8
238,2023-01-04 13:47:10.330000,2023-01-04 13:47:10.330000,3,17,051R0D2,971,304.71,3,2023-01-09,2023-01-07,11
239,2023-01-04 18:32:09.783000,2023-01-04 18:32:09.783000,18,2,I063GD3,157,148.14,2,2023-01-09,2023-01-09,7
240,2023-01-05 09:48:09.907000,2023-01-05 09:48:09.907000,16,19,28NB0UM,156,103.76,3,2023-01-12,2023-01-09,23
241,2023-01-05 13:07:10.184000,2023-01-05 13:07:10.184000,20,10,WKBJGIX,313,259.90,2,2023-01-11,2023-01-06,15
242,2023-01-05 13:43:09.961000,2023-01-05 13:43:09.961000,4,12,CLK88RB,524,179.02,3,2023-01-07,2023-01-09,14
243,2023-01-05 15:32:09.954000,2023-01-05 15:32:09.954000,13,4,T7IWW7F,21,146.52,3,2023-01-09,2023-01-05,10
244,2023-01-05 15:56:10.246000,2023-01-05 15:56:10.246000,10,16,LX20FV1,379,238.54,3,2023-01-11,2023-01-11,4
245,2023-01-05 17:19:10.220000,2023-01-05 17:19:10.220000,14,3,KXEM3VQ,737,978.06,2,2023-01-10,2023-01-06,26
246,2023-01-06 08:17:10.337000,2023-01-06 08:17:10.337000,11,16,BQL4A7O,122,562.92,3,2023-01-09,2023-01-07,2
215,2023-01-02 11:50:10.342000,2023-01-02 11:50:10.342000,14,11,J0604R4,159,639.76,3,2023-01-02,2023-01-07,2
247,2023-01-06 09:00:10.207000,2023-01-06 09:00:10.207000,15,9,FNAWTPU,649,992.38,3,2023-01-09,2023-01-08,28
248,2023-01-06 10:57:10.615000,2023-01-06 10:57:10.615000,14,10,09CV7LL,983,317.04,3,2023-01-07,2023-01-11,24
249,2023-01-06 11:43:10.338000,2023-01-06 11:43:10.338000,2,9,1FYWX44,94,864.15,3,2023-01-11,2023-01-11,30
250,2023-01-06 12:50:09.938000,2023-01-06 12:50:09.938000,3,16,EV2ZX6V,173,515.47,3,2023-01-07,2023-01-11,8
251,2023-01-06 14:41:10.211000,2023-01-06 14:41:10.211000,2,5,R8BKW9X,64,838.52,2,2023-01-09,2023-01-07,2
252,2023-01-06 14:53:10.202000,2023-01-06 14:53:10.202000,9,8,CYSDKLO,163,364.93,3,2023-01-12,2023-01-11,29
253,2023-01-06 18:44:10.482000,2023-01-06 18:44:10.482000,9,20,ZW9NUQ8,184,328.68,2,2023-01-08,2023-01-09,12
254,2023-01-09 08:55:10.389000,2023-01-09 08:55:10.389000,6,6,KWQR56M,740,717.37,2,2023-01-13,2023-01-11,11
255,2023-01-09 09:34:10.396000,2023-01-09 09:34:10.396000,2,18,5KXLW62,591,330.43,3,2023-01-15,2023-01-13,18
256,2023-01-09 09:48:10.769000,2023-01-09 09:48:10.769000,16,18,0L0Z1XJ,193,186.79,2,2023-01-10,2023-01-09,29
257,2023-01-09 09:49:09.684000,2023-01-09 09:49:09.684000,12,4,014OEPM,639,52.12,2,2023-01-12,2023-01-13,14
258,2023-01-09 12:04:10.216000,2023-01-09 12:04:10.216000,12,3,MQEGNS7,748,764.81,2,2023-01-10,2023-01-09,19
259,2023-01-09 13:24:10.395000,2023-01-09 13:24:10.395000,9,12,ZKYV1A8,746,531.92,3,2023-01-12,2023-01-11,6
260,2023-01-09 14:24:10.218000,2023-01-09 14:24:10.218000,5,17,68IL1EF,719,599.00,3,2023-01-14,2023-01-10,14
261,2023-01-09 14:55:09.984000,2023-01-09 14:55:09.984000,9,20,D6IFVIU,396,872.44,3,2023-01-13,2023-01-15,28
262,2023-01-09 15:43:10.375000,2023-01-09 15:43:10.375000,8,10,3RNEYHP,976,140.00,2,2023-01-09,2023-01-14,20
263,2023-01-09 16:20:10.310000,2023-01-09 16:20:10.310000,4,17,EDRGI55,65,162.67,3,2023-01-10,2023-01-13,8
264,2023-01-09 16:27:09.812000,2023-01-09 16:27:09.812000,18,20,VIN9OB3,603,537.23,2,2023-01-16,2023-01-11,29
265,2023-01-09 18:06:09.932000,2023-01-09 18:06:09.932000,20,14,GWKHLW1,465,805.42,2,2023-01-11,2023-01-11,30
266,2023-01-09 18:40:09.890000,2023-01-09 18:40:09.890000,4,8,Y6OJXMC,897,113.63,3,2023-01-10,2023-01-15,11
267,2023-01-09 18:44:10.296000,2023-01-09 18:44:10.296000,2,17,MABG6SY,142,233.21,2,2023-01-13,2023-01-11,28
268,2023-01-10 09:16:10.489000,2023-01-10 09:16:10.489000,8,4,2K2TXG0,553,297.23,2,2023-01-12,2023-01-11,10
269,2023-01-10 09:30:10.059000,2023-01-10 09:30:10.059000,8,4,DTB9WJ7,315,883.15,3,2023-01-15,2023-01-16,13
270,2023-01-10 09:58:09.967000,2023-01-10 09:58:09.967000,14,3,DDYV5C3,803,243.92,2,2023-01-14,2023-01-11,20
271,2023-01-10 10:34:09.925000,2023-01-10 10:34:09.925000,16,10,33TUJEM,440,516.97,2,2023-01-10,2023-01-13,24
272,2023-01-10 10:44:10.263000,2023-01-10 10:44:10.263000,15,10,KPJEP0H,568,876.32,3,2023-01-15,2023-01-16,6
273,2023-01-10 12:05:09.998000,2023-01-10 12:05:09.998000,13,11,S02JCZB,806,511.48,3,2023-01-11,2023-01-15,2
274,2023-01-10 13:05:10.160000,2023-01-10 13:05:10.160000,9,14,0DJLB3V,872,900.19,3,2023-01-11,2023-01-11,26
275,2023-01-10 14:34:10.305000,2023-01-10 14:34:10.305000,7,5,QU9QPCN,784,888.12,2,2023-01-11,2023-01-12,18
276,2023-01-10 14:47:10.478000,2023-01-10 14:47:10.478000,14,7,0W4NB10,681,21.45,2,2023-01-11,2023-01-14,29
277,2023-01-10 16:08:10.326000,2023-01-10 16:08:10.326000,10,6,R68AYPW,527,443.62,3,2023-01-14,2023-01-11,20
278,2023-01-11 09:16:10.279000,2023-01-11 09:16:10.279000,9,15,I0KA2CX,605,330.16,3,2023-01-11,2023-01-13,29
223,2023-01-02 17:56:10.413000,2023-01-02 17:56:10.413000,5,20,C9IQFM8,592,597.57,3,2023-01-02,2023-01-08,10
216,2023-01-02 13:18:10.206000,2023-01-02 13:18:10.206000,13,16,01AIJK1,355,216.94,3,2023-03-04,2023-01-07,2
229,2023-01-03 13:57:10.353000,2023-01-03 13:57:10.353000,8,10,7MVVPJ3,107,42.26,2,2023-01-07,2023-01-07,28
279,2023-01-11 11:24:09.760000,2023-01-11 11:24:09.760000,11,4,Y5OC658,382,697.91,2,2023-01-15,2023-01-12,8
280,2023-01-11 11:45:10.338000,2023-01-11 11:45:10.338000,20,4,7TCZ596,874,411.85,3,2023-01-18,2023-01-14,11
281,2023-01-11 14:26:10.004000,2023-01-11 14:26:10.004000,15,15,FRKUBTZ,969,802.19,3,2023-01-15,2023-01-16,23
282,2023-01-11 14:46:10.340000,2023-01-11 14:46:10.340000,20,19,ZWH5FOP,926,586.98,3,2023-01-18,2023-01-15,6
283,2023-01-11 15:00:10.350000,2023-01-11 15:00:10.350000,13,16,2J70ETR,73,197.04,3,2023-01-14,2023-01-16,12
284,2023-01-11 15:53:10.173000,2023-01-11 15:53:10.173000,14,2,671T8X5,280,270.36,3,2023-01-12,2023-01-13,11
285,2023-01-11 18:22:10.062000,2023-01-11 18:22:10.062000,4,16,BAFMI6J,120,623.59,3,2023-01-12,2023-01-14,26
286,2023-01-12 11:02:10.370000,2023-01-12 11:02:10.370000,11,13,T6ZYMG3,94,68.40,3,2023-01-14,2023-01-13,10
287,2023-01-12 11:45:10.088000,2023-01-12 11:45:10.088000,11,17,L4RXX2F,150,332.86,2,2023-01-17,2023-01-16,21
288,2023-01-12 12:25:10.357000,2023-01-12 12:25:10.357000,19,16,SQNN93I,606,496.11,3,2023-01-15,2023-01-14,5
289,2023-01-12 14:29:10.269000,2023-01-12 14:29:10.269000,9,8,P1GDOYS,515,48.66,1,2023-01-16,2023-01-14,7
290,2023-01-12 15:04:09.784000,2023-01-12 15:04:09.784000,10,17,XT90VL6,666,748.33,2,2023-01-14,2023-01-14,10
291,2023-01-12 15:42:10.367000,2023-01-12 15:42:10.367000,8,4,SOH85K4,703,734.79,2,2023-01-14,2023-01-17,18
292,2023-01-12 16:20:10.435000,2023-01-12 16:20:10.435000,13,14,X0AH72Z,518,862.05,3,2023-01-14,2023-01-13,17
293,2023-01-12 16:41:09.972000,2023-01-12 16:41:09.972000,8,13,82NHGK7,362,642.09,3,2023-01-14,2023-01-18,14
294,2023-01-12 18:08:10.201000,2023-01-12 18:08:10.201000,18,17,3XI5SZG,368,506.67,1,2023-01-18,2023-01-15,28
295,2023-01-12 18:12:09.967000,2023-01-12 18:12:09.967000,15,9,YBX4EE6,964,644.11,1,2023-01-19,2023-01-17,3
296,2023-01-12 18:15:10.058000,2023-01-12 18:15:10.058000,19,14,IZ2ZQ5E,654,249.01,3,2023-01-16,2023-01-14,28
297,2023-01-13 08:37:10.051000,2023-01-13 08:37:10.051000,5,14,P6ZBRA0,26,685.70,2,2023-01-15,2023-01-14,8
298,2023-01-13 12:18:09.907000,2023-01-13 12:18:09.907000,7,7,PENTX6X,906,339.85,2,2023-01-16,2023-01-16,6
299,2023-01-13 16:05:10.234000,2023-01-13 16:05:10.234000,10,6,QDPRG66,264,977.14,3,2023-01-13,2023-01-19,22
300,2023-01-13 18:47:10.240000,2023-01-13 18:47:10.240000,16,14,PAYBP2Q,337,622.69,2,2023-01-19,2023-01-14,26
301,2023-01-16 08:17:10.320000,2023-01-16 08:17:10.320000,6,17,0A8AJDZ,886,77.07,2,2023-01-21,2023-01-18,5
302,2023-01-16 12:52:10.128000,2023-01-16 12:52:10.128000,12,10,0S5KSXR,258,981.24,3,2023-01-21,2023-01-20,24
303,2023-01-16 13:21:09.691000,2023-01-16 13:21:09.691000,19,16,NBJM851,299,465.44,2,2023-01-17,2023-01-18,19
304,2023-01-16 16:28:09.800000,2023-01-16 16:28:09.800000,4,8,L2YYEGM,609,199.01,3,2023-01-20,2023-01-21,28
305,2023-01-16 18:22:10.583000,2023-01-16 18:22:10.583000,11,9,N19Q48A,751,507.90,1,2023-01-18,2023-01-21,13
206,2022-12-29 16:26:10.568000,2022-12-29 16:26:10.568000,18,17,DINK8HI,723,780.72,2,2023-01-02,2022-12-31,5
306,2023-01-17 11:21:10.312000,2023-01-17 11:21:10.312000,18,12,RC1S7UT,713,975.42,3,2023-01-21,2023-01-20,2
307,2023-01-17 12:23:10.058000,2023-01-17 12:23:10.058000,7,3,U2NC8NM,168,488.82,3,2023-01-17,2023-01-21,5
308,2023-01-17 15:21:10.654000,2023-01-17 15:21:10.654000,15,9,SYTP9E1,665,751.17,2,2023-01-18,2023-01-21,15
309,2023-01-17 15:30:09.943000,2023-01-17 15:30:09.943000,10,7,TK3BR5U,2,472.45,3,2023-01-18,2023-01-21,7
310,2023-01-17 17:23:10.058000,2023-01-17 17:23:10.058000,18,11,9Y8XKDU,481,681.92,1,2023-01-18,2023-01-20,20
311,2023-01-18 08:01:10.799000,2023-01-18 08:01:10.799000,12,18,INF8CA3,16,201.81,1,2023-01-19,2023-01-19,13
312,2023-01-18 08:54:10.132000,2023-01-18 08:54:10.132000,9,16,L7P645Y,420,173.52,1,2023-01-22,2023-01-19,17
313,2023-01-18 09:08:10.071000,2023-01-18 09:08:10.071000,9,12,1ZSOOJL,838,381.75,3,2023-01-24,2023-01-21,17
315,2023-01-18 10:31:10.239000,2023-01-18 10:31:10.239000,5,3,XI9888W,323,751.20,2,2023-01-21,2023-01-20,9
317,2023-01-18 11:17:10.019000,2023-01-18 11:17:10.019000,20,19,ASUAGEG,470,848.36,1,2023-01-22,2023-01-23,13
318,2023-01-18 13:24:10.016000,2023-01-18 13:24:10.016000,7,18,BZK8EQ4,190,38.06,2,2023-01-25,2023-01-23,4
319,2023-01-18 13:58:09.877000,2023-01-18 13:58:09.877000,3,16,P8SZDVF,521,16.75,2,2023-01-25,2023-01-22,20
320,2023-01-18 14:25:10.401000,2023-01-18 14:25:10.401000,14,3,7J0JJJY,199,899.27,2,2023-01-19,2023-01-22,19
321,2023-01-18 14:58:10.212000,2023-01-18 14:58:10.212000,19,1,XWLW78Q,608,537.14,2,2023-01-18,2023-01-21,25
322,2023-01-18 15:30:10.386000,2023-01-18 15:30:10.386000,11,18,USV4HQR,626,427.33,3,2023-01-25,2023-01-21,30
323,2023-01-18 17:14:10.199000,2023-01-18 17:14:10.199000,8,10,WRQ522D,466,393.05,1,2023-01-25,2023-01-21,17
324,2023-01-18 17:39:09.804000,2023-01-18 17:39:09.804000,5,2,PLYZQKZ,640,297.25,2,2023-01-21,2023-01-21,14
325,2023-01-18 18:21:10.262000,2023-01-18 18:21:10.262000,19,15,YK00V7P,478,196.46,1,2023-01-22,2023-01-22,8
326,2023-01-19 09:20:10.239000,2023-01-19 09:20:10.239000,12,11,HI20IL4,576,225.46,2,2023-01-21,2023-01-25,27
327,2023-01-19 09:39:09.793000,2023-01-19 09:39:09.793000,8,9,0C6Y350,802,109.77,3,2023-01-24,2023-01-23,26
328,2023-01-19 10:27:09.882000,2023-01-19 10:27:09.882000,13,17,KHUY7JX,739,73.33,1,2023-01-19,2023-01-25,26
329,2023-01-19 11:05:09.939000,2023-01-19 11:05:09.939000,19,4,9CWPXVA,569,412.88,1,2023-01-25,2023-01-25,29
330,2023-01-19 14:22:10.543000,2023-01-19 14:22:10.543000,3,4,9ZSB5LH,846,777.07,1,2023-01-25,2023-01-24,8
331,2023-01-19 15:00:10.108000,2023-01-19 15:00:10.108000,8,14,ZN19CVI,933,10.19,3,2023-01-21,2023-01-24,20
332,2023-01-19 15:04:09.894000,2023-01-19 15:04:09.894000,14,8,HFVTOS3,419,202.93,3,2023-01-20,2023-01-21,2
333,2023-01-19 16:09:10.052000,2023-01-19 16:09:10.052000,10,15,HFMCLSW,734,773.24,2,2023-01-25,2023-01-20,11
334,2023-01-19 17:40:10.323000,2023-01-19 17:40:10.323000,3,16,5GCYJ7F,583,948.16,2,2023-01-26,2023-01-20,10
335,2023-01-19 18:20:10.182000,2023-01-19 18:20:10.182000,12,10,R9DU057,693,737.04,2,2023-01-25,2023-01-23,25
336,2023-01-20 08:51:09.930000,2023-01-20 08:51:09.930000,4,18,FKULYIP,37,8.15,1,2023-01-23,2023-01-22,18
337,2023-01-20 11:36:10.068000,2023-01-20 11:36:10.068000,4,16,ZJ6KRGG,975,786.14,1,2023-01-26,2023-01-26,28
338,2023-01-20 13:41:09.809000,2023-01-20 13:41:09.809000,18,2,IPPNGOV,254,125.68,3,2023-01-21,2023-01-23,11
339,2023-01-20 14:03:10.019000,2023-01-20 14:03:10.019000,2,17,B1CNFO0,59,331.49,1,2023-01-24,2023-01-24,23
340,2023-01-20 14:13:10.069000,2023-01-20 14:13:10.069000,9,3,VWSFAFP,390,625.96,2,2023-01-21,2023-01-24,2
341,2023-01-20 18:17:10.183000,2023-01-20 18:17:10.183000,17,18,FLC31Z8,29,530.00,3,2023-01-24,2023-01-20,24
343,2023-01-23 09:59:10.173000,2023-01-23 09:59:10.173000,6,3,3Q0ENAR,786,844.79,3,2023-01-29,2023-01-28,15
344,2023-01-23 10:24:10.247000,2023-01-23 10:24:10.247000,3,17,3ZKSXDK,600,258.31,2,2023-01-26,2023-01-28,22
345,2023-01-23 11:21:09.968000,2023-01-23 11:21:09.968000,19,10,2KT57CN,213,915.51,1,2023-01-30,2023-01-28,3
346,2023-01-23 16:03:09.913000,2023-01-23 16:03:09.913000,17,2,EIOLRBQ,377,277.09,1,2023-01-26,2023-01-26,6
347,2023-01-23 16:33:10.150000,2023-01-23 16:33:10.150000,16,3,KSFZS5D,898,805.91,1,2023-01-27,2023-01-26,12
314,2023-01-18 09:44:10.311000,2023-01-18 09:44:10.311000,1,13,1WVXS8N,65,527.61,3,2023-01-21,2023-01-18,8
316,2023-01-18 10:55:10.031000,2023-01-18 10:55:10.031000,4,19,92XQIN5,150,777.74,2,2023-01-19,2023-01-22,16
348,2023-01-23 16:34:10.056000,2023-01-23 16:34:10.056000,3,11,X6CGHZU,619,17.65,3,2023-01-26,2023-01-25,27
349,2023-01-23 18:49:10.197000,2023-01-23 18:49:10.197000,14,7,LHJPQ4V,564,148.50,3,2023-01-29,2023-01-26,11
350,2023-01-24 08:28:10.255000,2023-01-24 08:28:10.255000,5,20,QH0GXO8,905,111.01,2,2023-01-25,2023-01-28,15
351,2023-01-24 08:35:09.825000,2023-01-24 08:35:09.825000,5,15,ZO03XX4,601,337.69,2,2023-01-25,2023-01-26,23
352,2023-01-24 09:21:10.202000,2023-01-24 09:21:10.202000,15,19,TS4PXWR,879,772.08,2,2023-01-25,2023-01-27,2
354,2023-01-24 12:24:09.928000,2023-01-24 12:24:09.928000,9,11,PJK0S2L,997,449.25,1,2023-01-26,2023-01-27,25
355,2023-01-24 16:01:10.351000,2023-01-24 16:01:10.351000,7,1,6LINQEL,998,768.30,1,2023-01-29,2023-01-29,25
356,2023-01-24 18:43:09.854000,2023-01-24 18:43:09.854000,8,11,JBBCGIH,501,38.42,2,2023-01-30,2023-01-29,21
357,2023-01-24 18:54:09.941000,2023-01-24 18:54:09.941000,7,20,T7XLPIE,502,692.92,3,2023-01-27,2023-01-28,3
358,2023-01-25 08:45:10.263000,2023-01-25 08:45:10.263000,17,12,W2ESX0L,698,928.52,3,2023-01-29,2023-01-27,13
359,2023-01-25 09:57:10.299000,2023-01-25 09:57:10.299000,15,13,ZBX0DZF,455,956.17,1,2023-02-01,2023-01-30,22
360,2023-01-25 10:43:09.908000,2023-01-25 10:43:09.908000,5,1,OOT9NQR,842,523.69,2,2023-01-26,2023-01-27,21
361,2023-01-25 14:22:10.192000,2023-01-25 14:22:10.192000,4,12,S48CT0A,624,253.39,1,2023-01-28,2023-01-29,3
362,2023-01-26 08:04:10.200000,2023-01-26 08:04:10.200000,3,10,DUUVRPB,187,364.18,3,2023-01-29,2023-01-27,6
363,2023-01-26 08:07:09.999000,2023-01-26 08:07:09.999000,20,9,4MLSOMG,44,875.82,2,2023-02-02,2023-01-29,20
364,2023-01-26 09:10:09.919000,2023-01-26 09:10:09.919000,14,5,RZJ4ZKJ,391,724.31,2,2023-01-31,2023-01-31,12
353,2023-01-24 11:47:09.926000,2023-01-24 11:47:09.926000,14,14,YYR2BXL,141,892.28,1,2023-01-24,2023-01-27,14
365,2023-01-26 10:08:09.935000,2023-01-26 10:08:09.935000,14,14,B9CK4E5,641,414.59,2,2023-01-28,2023-01-30,27
366,2023-01-26 12:54:10.302000,2023-01-26 12:54:10.302000,19,3,D8X7HHA,78,393.30,2,2023-02-01,2023-02-01,13
367,2023-01-26 14:23:10.032000,2023-01-26 14:23:10.032000,17,9,22NKXE2,398,20.36,1,2023-02-02,2023-01-29,6
368,2023-01-26 14:57:10.406000,2023-01-26 14:57:10.406000,12,15,9XPN2H5,696,968.32,1,2023-02-02,2023-01-30,22
369,2023-01-26 16:25:10.055000,2023-01-26 16:25:10.055000,3,13,F0MP3R1,610,698.58,1,2023-01-27,2023-01-29,30
370,2023-01-26 17:45:10.341000,2023-01-26 17:45:10.341000,14,2,KWH93OX,514,797.25,1,2023-01-27,2023-01-28,14
371,2023-01-26 18:14:10.351000,2023-01-26 18:14:10.351000,15,7,8916H4Z,760,610.02,2,2023-02-01,2023-01-28,1
372,2023-01-27 09:36:10.397000,2023-01-27 09:36:10.397000,16,17,63XVBMW,934,946.39,1,2023-02-02,2023-01-31,27
373,2023-01-27 09:40:10.243000,2023-01-27 09:40:10.243000,16,13,PBMEATX,136,886.81,2,2023-01-28,2023-01-30,29
374,2023-01-27 10:08:09.960000,2023-01-27 10:08:09.960000,4,9,E3P0KZ9,370,283.24,3,2023-01-27,2023-01-30,4
375,2023-01-27 11:18:10.196000,2023-01-27 11:18:10.196000,8,1,MUQ2QUH,504,72.90,2,2023-01-29,2023-02-02,18
376,2023-01-27 11:52:10.082000,2023-01-27 11:52:10.082000,14,14,FOSQ3NI,153,641.92,3,2023-01-28,2023-01-27,23
377,2023-01-27 11:56:09.792000,2023-01-27 11:56:09.792000,5,16,BCK250X,331,564.35,2,2023-01-30,2023-01-28,22
378,2023-01-27 16:59:10.180000,2023-01-27 16:59:10.180000,4,15,UIEJ6QF,764,168.09,2,2023-01-28,2023-01-29,3
379,2023-01-27 17:25:10.087000,2023-01-27 17:25:10.087000,1,9,MHLCRN4,3,437.58,2,2023-01-28,2023-01-31,27
380,2023-01-27 18:34:10.269000,2023-01-27 18:34:10.269000,11,16,MOEPRUU,407,218.17,2,2023-02-03,2023-01-30,26
381,2023-01-30 08:09:10.188000,2023-01-30 08:09:10.188000,15,19,JM7GGVC,180,11.02,1,2023-02-06,2023-02-01,11
382,2023-01-30 09:39:09.986000,2023-01-30 09:39:09.986000,15,16,WXRJL9E,631,876.78,2,2023-02-04,2023-02-03,2
383,2023-01-30 10:16:09.989000,2023-01-30 10:16:09.989000,19,7,XW8AUAX,265,699.68,3,2023-02-04,2023-02-04,12
384,2023-01-30 11:47:09.867000,2023-01-30 11:47:09.867000,3,14,CJMWKH3,924,113.89,2,2023-02-03,2023-02-05,1
385,2023-01-30 11:56:09.904000,2023-01-30 11:56:09.904000,3,3,LCE8B7K,492,430.18,3,2023-02-02,2023-02-04,16
386,2023-01-30 12:12:10.183000,2023-01-30 12:12:10.183000,7,20,AK6XLOJ,596,505.37,2,2023-02-01,2023-02-04,24
387,2023-01-30 12:37:10.409000,2023-01-30 12:37:10.409000,13,20,C7B3H8X,180,171.05,2,2023-01-30,2023-02-03,22
388,2023-01-30 13:08:09.824000,2023-01-30 13:08:09.824000,15,2,QHV4425,327,307.11,1,2023-02-03,2023-02-01,14
389,2023-01-30 13:47:09.947000,2023-01-30 13:47:09.947000,4,20,KNVVCCG,40,330.55,3,2023-02-01,2023-02-05,3
390,2023-01-30 15:16:10.289000,2023-01-30 15:16:10.289000,13,16,ZBPNS2G,481,607.48,1,2023-02-04,2023-01-30,22
391,2023-01-30 16:15:10.397000,2023-01-30 16:15:10.397000,15,18,KV7AR1E,478,946.96,2,2023-02-01,2023-02-01,11
392,2023-01-30 18:18:10.551000,2023-01-30 18:18:10.551000,8,17,VDTRMCJ,452,9.19,1,2023-02-02,2023-02-02,26
393,2023-01-31 08:39:09.908000,2023-01-31 08:39:09.908000,4,19,L6XFCFE,377,916.63,2,2023-01-31,2023-02-02,17
395,2023-01-31 09:24:10.385000,2023-01-31 09:24:10.385000,12,18,V7G31PF,998,65.28,1,2023-02-01,2023-02-01,30
396,2023-01-31 12:19:09.951000,2023-01-31 12:19:09.951000,13,13,K4FDCTD,569,429.08,1,2023-02-02,2023-02-03,24
398,2023-01-31 15:24:10.330000,2023-01-31 15:24:10.330000,17,18,8YOT7Q5,232,585.04,1,2023-02-02,2023-02-03,29
399,2023-01-31 17:35:10.125000,2023-01-31 17:35:10.125000,8,12,J7I17D7,622,691.45,1,2023-01-31,2023-02-01,23
400,2023-01-31 18:24:10.289000,2023-01-31 18:24:10.289000,3,19,8SOOJZQ,512,712.07,1,2023-02-04,2023-02-02,2
401,2023-01-31 18:46:10.354000,2023-01-31 18:46:10.354000,4,13,E8RTYMA,971,737.91,1,2023-02-05,2023-02-03,28
402,2023-01-31 18:57:10.167000,2023-01-31 18:57:10.167000,1,18,ROZB441,922,737.62,1,2023-02-04,2023-02-06,6
403,2023-02-01 08:12:10.384000,2023-02-01 08:12:10.384000,1,5,SOHS0KZ,715,608.35,2,2023-02-06,2023-02-04,6
404,2023-02-01 09:08:10.213000,2023-02-01 09:08:10.213000,18,7,FRQY8Z3,28,75.32,1,2023-02-04,2023-02-04,25
218,2023-01-02 14:53:09.819000,2023-01-02 14:53:09.819000,7,3,13S509N,427,645.31,2,2023-01-08,2023-01-02,28
405,2023-02-01 12:20:10.050000,2023-02-01 12:20:10.050000,7,3,TSPK4Z9,393,546.23,1,2023-02-07,2023-02-07,18
406,2023-02-01 12:51:10.194000,2023-02-01 12:51:10.194000,16,3,BK2GOIK,298,289.74,3,2023-02-06,2023-02-06,17
407,2023-02-01 13:11:10.262000,2023-02-01 13:11:10.262000,10,18,OQ32MPS,608,486.69,1,2023-02-05,2023-02-03,20
408,2023-02-01 13:57:10.342000,2023-02-01 13:57:10.342000,1,17,QWE663H,527,638.28,3,2023-02-08,2023-02-01,3
409,2023-02-01 14:24:10.375000,2023-02-01 14:24:10.375000,11,7,GIL4EJ2,705,282.97,1,2023-02-03,2023-02-02,25
410,2023-02-01 14:47:09.720000,2023-02-01 14:47:09.720000,3,13,F1HS5SV,228,352.29,2,2023-02-06,2023-02-06,10
411,2023-02-01 16:51:10.427000,2023-02-01 16:51:10.427000,2,8,1T07T9T,725,7.48,2,2023-02-04,2023-02-05,25
412,2023-02-02 12:08:09.979000,2023-02-02 12:08:09.979000,3,3,5VWQW26,568,681.54,3,2023-02-06,2023-02-05,4
413,2023-02-02 12:11:10.091000,2023-02-02 12:11:10.091000,3,15,K8C0EKJ,294,510.79,2,2023-02-03,2023-02-08,30
414,2023-02-02 12:55:10.059000,2023-02-02 12:55:10.059000,1,17,K6V3W37,993,956.47,2,2023-02-04,2023-02-06,10
415,2023-02-02 13:48:10.147000,2023-02-02 13:48:10.147000,16,7,UR2WJRK,344,282.01,3,2023-02-03,2023-02-02,22
416,2023-02-02 13:57:10.167000,2023-02-02 13:57:10.167000,15,2,2C5JKHM,91,700.68,3,2023-02-08,2023-02-08,22
394,2023-01-31 08:48:10.217000,2023-01-31 08:48:10.217000,14,9,IDC99SZ,984,34.68,3,2023-02-01,2023-01-31,17
417,2023-02-02 14:14:09.921000,2023-02-02 14:14:09.921000,12,18,F5J2730,296,229.29,2,2023-02-05,2023-02-03,19
419,2023-02-02 16:49:10.229000,2023-02-02 16:49:10.229000,6,5,YDVUCFR,959,166.18,2,2023-02-06,2023-02-03,22
420,2023-02-02 16:56:09.999000,2023-02-02 16:56:09.999000,18,20,0E0EB15,848,943.89,2,2023-02-07,2023-02-04,7
421,2023-02-02 17:56:09.815000,2023-02-02 17:56:09.815000,2,12,TRG95KV,686,595.45,1,2023-02-04,2023-02-08,18
422,2023-02-02 18:04:10.019000,2023-02-02 18:04:10.019000,8,9,9NN5PID,68,909.54,2,2023-02-08,2023-02-07,10
423,2023-02-03 08:37:10.145000,2023-02-03 08:37:10.145000,5,15,AOXKP0A,640,338.90,2,2023-02-09,2023-02-06,9
424,2023-02-03 09:52:10.096000,2023-02-03 09:52:10.096000,7,3,XRCJ63M,377,920.99,3,2023-02-09,2023-02-03,4
425,2023-02-03 10:01:10.382000,2023-02-03 10:01:10.382000,3,20,FHI7VND,502,188.66,2,2023-02-04,2023-02-04,8
426,2023-02-03 10:50:10.431000,2023-02-03 10:50:10.431000,13,5,R688N4E,903,3.56,1,2023-02-06,2023-02-03,2
427,2023-02-03 11:59:10.021000,2023-02-03 11:59:10.021000,15,17,9XD5NDZ,182,633.24,2,2023-02-07,2023-02-08,3
428,2023-02-03 12:33:10.140000,2023-02-03 12:33:10.140000,2,13,M2KIF7J,320,764.89,2,2023-02-04,2023-02-09,23
429,2023-02-03 13:52:10.366000,2023-02-03 13:52:10.366000,12,20,K3R9MDF,833,350.10,2,2023-02-05,2023-02-04,29
430,2023-02-03 14:43:10.289000,2023-02-03 14:43:10.289000,3,7,AUXHC01,731,869.03,3,2023-02-03,2023-02-06,7
431,2023-02-03 16:03:09.873000,2023-02-03 16:03:09.873000,14,5,SJB7ZAW,162,636.97,3,2023-02-06,2023-02-09,26
432,2023-02-03 16:40:10.269000,2023-02-03 16:40:10.269000,8,1,2YJ16H7,512,478.84,2,2023-02-06,2023-02-06,29
433,2023-02-03 17:52:09.842000,2023-02-03 17:52:09.842000,3,20,1EQO4Q6,621,791.72,3,2023-02-08,2023-02-09,21
434,2023-02-06 08:16:10.278000,2023-02-06 08:16:10.278000,3,18,I30XM1H,803,783.78,1,2023-02-09,2023-02-08,7
435,2023-02-06 08:54:10.124000,2023-02-06 08:54:10.124000,12,2,BOAR7YP,75,919.54,3,2023-02-11,2023-02-09,26
436,2023-02-06 12:36:09.881000,2023-02-06 12:36:09.881000,5,12,KA26B3Q,550,221.44,1,2023-02-06,2023-02-07,9
437,2023-02-06 14:34:09.855000,2023-02-06 14:34:09.855000,7,4,96HRGYS,380,256.57,1,2023-02-12,2023-02-12,10
438,2023-02-06 15:01:09.831000,2023-02-06 15:01:09.831000,10,3,IRFPM45,195,96.60,3,2023-02-10,2023-02-06,24
439,2023-02-06 16:20:10.217000,2023-02-06 16:20:10.217000,12,6,GDERVX7,39,150.83,1,2023-02-09,2023-02-11,24
440,2023-02-06 16:37:10.143000,2023-02-06 16:37:10.143000,13,11,JUBRVOC,150,674.41,2,2023-02-13,2023-02-12,30
441,2023-02-06 17:41:10.192000,2023-02-06 17:41:10.192000,9,6,78DNA81,960,446.90,2,2023-02-10,2023-02-10,20
442,2023-02-06 18:58:10.501000,2023-02-06 18:58:10.501000,15,13,146SBLG,102,131.41,1,2023-02-09,2023-02-07,5
443,2023-02-07 09:31:09.839000,2023-02-07 09:31:09.839000,12,19,CO5GDKQ,698,588.47,1,2023-02-11,2023-02-08,8
444,2023-02-07 11:12:10.383000,2023-02-07 11:12:10.383000,2,20,W5O1IJW,422,270.71,3,2023-02-07,2023-02-11,3
445,2023-02-07 11:22:10.034000,2023-02-07 11:22:10.034000,15,12,9GGE8NZ,883,866.49,3,2023-02-08,2023-02-11,11
446,2023-02-07 13:57:10.155000,2023-02-07 13:57:10.155000,13,6,XNEW8B4,457,433.56,2,2023-02-07,2023-02-11,13
447,2023-02-07 14:12:09.903000,2023-02-07 14:12:09.903000,20,3,TFSJBRV,900,328.71,1,2023-02-12,2023-02-10,11
448,2023-02-07 15:17:10.107000,2023-02-07 15:17:10.107000,10,7,C6TB57K,784,677.50,3,2023-02-08,2023-02-08,5
449,2023-02-07 16:51:10.106000,2023-02-07 16:51:10.106000,2,8,HJU89OY,495,315.59,1,2023-02-11,2023-02-11,4
450,2023-02-07 18:02:10.078000,2023-02-07 18:02:10.078000,8,3,82TYIQC,469,688.57,3,2023-02-11,2023-02-08,10
451,2023-02-08 08:20:10.239000,2023-02-08 08:20:10.239000,15,18,4K5EG4L,297,802.79,2,2023-02-11,2023-02-12,22
452,2023-02-08 09:09:10.245000,2023-02-08 09:09:10.245000,10,6,I3BBMAK,113,541.85,2,2023-02-11,2023-02-12,9
453,2023-02-08 11:19:09.735000,2023-02-08 11:19:09.735000,14,20,91M21S8,765,579.39,3,2023-02-14,2023-02-12,26
454,2023-02-08 11:42:10.283000,2023-02-08 11:42:10.283000,12,1,L1KNTGF,252,697.96,2,2023-02-11,2023-02-09,24
455,2023-02-08 12:19:09.798000,2023-02-08 12:19:09.798000,19,7,JCV16JC,393,122.39,2,2023-02-09,2023-02-08,10
456,2023-02-08 12:28:10.170000,2023-02-08 12:28:10.170000,20,10,9GC3IEM,26,781.35,1,2023-02-13,2023-02-13,5
457,2023-02-08 12:52:10.017000,2023-02-08 12:52:10.017000,12,15,LZ3JH3Z,253,930.69,1,2023-02-09,2023-02-13,16
458,2023-02-08 12:56:10.867000,2023-02-08 12:56:10.867000,9,4,847OC1R,760,772.84,1,2023-02-12,2023-02-08,27
459,2023-02-08 13:28:10.277000,2023-02-08 13:28:10.277000,5,15,7CQSELQ,896,890.10,1,2023-02-12,2023-02-08,30
460,2023-02-08 13:39:10.368000,2023-02-08 13:39:10.368000,11,19,FRWWKZG,167,165.85,2,2023-02-15,2023-02-12,14
461,2023-02-08 14:02:09.815000,2023-02-08 14:02:09.815000,15,16,TVBUN1R,437,209.68,1,2023-02-13,2023-02-13,23
462,2023-02-08 14:49:09.896000,2023-02-08 14:49:09.896000,13,3,S0Q3HK5,658,164.40,1,2023-02-09,2023-02-10,26
463,2023-02-08 15:22:10.123000,2023-02-08 15:22:10.123000,2,13,K1T4W7B,721,987.30,2,2023-02-11,2023-02-10,26
465,2023-02-08 16:34:10.060000,2023-02-08 16:34:10.060000,6,15,E1T1RCG,411,760.85,3,2023-02-09,2023-02-11,13
466,2023-02-08 17:00:09.860000,2023-02-08 17:00:09.860000,20,18,SERENJU,528,218.90,3,2023-02-10,2023-02-08,25
467,2023-02-08 17:01:10.495000,2023-02-08 17:01:10.495000,7,8,QTNAX1Z,797,161.54,3,2023-02-10,2023-02-09,23
342,2023-01-23 08:42:10.088000,2023-01-23 08:42:10.088000,16,1,R242R86,960,841.66,3,2023-01-27,2023-01-28,21
468,2023-02-08 17:06:10.115000,2023-02-08 17:06:10.115000,13,12,KP0ICET,311,51.29,3,2023-02-10,2023-02-10,15
469,2023-02-08 17:16:09.883000,2023-02-08 17:16:09.883000,12,2,GG5D6P1,994,507.42,2,2023-02-14,2023-02-12,23
470,2023-02-08 17:17:09.933000,2023-02-08 17:17:09.933000,12,1,QXS906D,403,334.99,1,2023-02-15,2023-02-10,5
471,2023-02-08 17:29:10.103000,2023-02-08 17:29:10.103000,7,1,JK6KLID,92,810.09,3,2023-02-09,2023-02-08,11
472,2023-02-08 17:30:09.787000,2023-02-08 17:30:09.787000,18,7,MDPMPV0,678,634.53,1,2023-02-10,2023-02-09,26
473,2023-02-08 18:56:10.280000,2023-02-08 18:56:10.280000,14,18,H08PMBH,24,380.92,1,2023-02-10,2023-02-14,25
474,2023-02-09 11:00:10.354000,2023-02-09 11:00:10.354000,2,17,PJQUKY5,844,710.66,3,2023-02-14,2023-02-13,17
475,2023-02-09 12:45:09.809000,2023-02-09 12:45:09.809000,4,6,GVIJRN8,936,262.77,2,2023-02-14,2023-02-10,17
476,2023-02-09 13:49:09.875000,2023-02-09 13:49:09.875000,20,3,9NXNBLE,633,168.56,1,2023-02-10,2023-02-15,22
477,2023-02-09 14:34:10.173000,2023-02-09 14:34:10.173000,5,4,77V7KXH,576,862.19,3,2023-02-09,2023-02-09,4
478,2023-02-09 15:04:10.796000,2023-02-09 15:04:10.796000,11,16,QGTP7T9,814,894.35,2,2023-02-16,2023-02-11,4
479,2023-02-09 17:56:10.488000,2023-02-09 17:56:10.488000,10,12,UT3GLE7,180,908.14,3,2023-02-12,2023-02-14,26
480,2023-02-09 18:38:10.284000,2023-02-09 18:38:10.284000,5,20,GJ9CYHB,376,819.65,1,2023-02-16,2023-02-10,27
481,2023-02-10 09:35:09.775000,2023-02-10 09:35:09.775000,15,15,RFVXX30,6,422.88,3,2023-02-16,2023-02-14,14
482,2023-02-10 09:38:10.081000,2023-02-10 09:38:10.081000,17,19,FTJ2I0T,971,908.37,3,2023-02-12,2023-02-15,14
483,2023-02-10 12:48:09.880000,2023-02-10 12:48:09.880000,2,15,B2IAD9X,386,741.03,3,2023-02-10,2023-02-11,20
484,2023-02-10 13:53:10.086000,2023-02-10 13:53:10.086000,6,18,BHNW85W,490,966.17,3,2023-02-16,2023-02-16,20
485,2023-02-10 18:32:10.146000,2023-02-10 18:32:10.146000,4,7,Z1V34YU,848,14.98,1,2023-02-11,2023-02-13,22
418,2023-02-02 15:01:10.672000,2023-02-02 15:01:10.672000,16,3,3SH9HZQ,353,536.52,3,2023-02-04,2023-02-02,10
486,2023-02-10 18:56:09.963000,2023-02-10 18:56:09.963000,1,11,YK7APNN,139,900.42,2,2023-02-11,2023-02-14,15
487,2023-02-13 08:01:10.551000,2023-02-13 08:01:10.551000,14,3,76M8RCT,199,549.99,1,2023-02-13,2023-02-17,26
488,2023-02-13 11:25:09.830000,2023-02-13 11:25:09.830000,9,19,OQKE2DN,519,721.47,2,2023-02-19,2023-02-18,8
489,2023-02-13 11:29:10.130000,2023-02-13 11:29:10.130000,17,1,4DGT6FR,311,964.19,3,2023-02-16,2023-02-14,8
490,2023-02-13 11:31:10.297000,2023-02-13 11:31:10.297000,16,2,G7A0XVA,559,500.20,3,2023-02-18,2023-02-15,8
491,2023-02-13 13:35:10.275000,2023-02-13 13:35:10.275000,3,3,T18C9I8,188,419.81,3,2023-02-17,2023-02-13,19
492,2023-02-13 13:56:10.407000,2023-02-13 13:56:10.407000,15,17,2D36INC,61,9.23,2,2023-02-15,2023-02-17,12
493,2023-02-13 15:06:09.739000,2023-02-13 15:06:09.739000,5,20,357T7E2,268,985.17,2,2023-02-16,2023-02-18,12
494,2023-02-13 15:54:10.123000,2023-02-13 15:54:10.123000,9,16,WUR72JH,2,615.61,2,2023-02-15,2023-02-18,26
495,2023-02-13 18:10:09.833000,2023-02-13 18:10:09.833000,3,14,OTB8BPD,113,282.73,2,2023-02-17,2023-02-14,24
496,2023-02-13 18:58:10.232000,2023-02-13 18:58:10.232000,12,1,L4UPTQV,85,769.20,1,2023-02-16,2023-02-15,9
497,2023-02-14 09:18:10.448000,2023-02-14 09:18:10.448000,8,4,IAUCHKM,204,612.55,3,2023-02-21,2023-02-19,2
498,2023-02-14 11:01:09.798000,2023-02-14 11:01:09.798000,7,8,QLOUJR1,743,183.58,3,2023-02-20,2023-02-14,10
499,2023-02-14 12:54:10.075000,2023-02-14 12:54:10.075000,8,3,JNNFNB5,906,942.59,1,2023-02-19,2023-02-18,2
500,2023-02-14 14:04:10.081000,2023-02-14 14:04:10.081000,2,16,AQEJK2T,693,449.98,3,2023-02-18,2023-02-19,21
501,2023-02-14 14:25:10.599000,2023-02-14 14:25:10.599000,17,17,QZRP1FQ,686,295.35,1,2023-02-21,2023-02-18,3
502,2023-02-14 15:31:09.847000,2023-02-14 15:31:09.847000,10,17,DJUF1X0,731,712.52,2,2023-02-17,2023-02-18,17
503,2023-02-14 18:52:09.895000,2023-02-14 18:52:09.895000,5,17,JAZLW3X,771,944.73,2,2023-02-19,2023-02-20,10
504,2023-02-15 09:32:10.363000,2023-02-15 09:32:10.363000,4,1,M9SQCYY,454,324.71,3,2023-02-20,2023-02-15,12
506,2023-02-15 10:57:09.976000,2023-02-15 10:57:09.976000,10,12,0VCHLR9,966,588.15,1,2023-02-18,2023-02-20,3
507,2023-02-15 12:26:10.297000,2023-02-15 12:26:10.297000,19,6,XC175VZ,823,738.48,2,2023-02-21,2023-02-17,22
508,2023-02-15 13:03:09.781000,2023-02-15 13:03:09.781000,17,20,8MUIN1C,411,748.72,2,2023-02-20,2023-02-16,4
509,2023-02-15 13:05:09.992000,2023-02-15 13:05:09.992000,20,18,BLO2ZJB,300,340.00,3,2023-02-22,2023-02-19,3
510,2023-02-15 14:47:10.155000,2023-02-15 14:47:10.155000,3,12,YSPZTA6,193,680.57,2,2023-02-18,2023-02-19,7
511,2023-02-15 16:06:09.950000,2023-02-15 16:06:09.950000,13,5,EWHIBU9,962,766.93,3,2023-02-22,2023-02-20,17
512,2023-02-15 16:27:09.938000,2023-02-15 16:27:09.938000,2,15,8XMGLDW,523,433.83,3,2023-02-21,2023-02-19,19
513,2023-02-15 16:34:10.144000,2023-02-15 16:34:10.144000,10,5,I5WRH5Y,386,613.08,3,2023-02-21,2023-02-16,2
514,2023-02-16 10:56:10.423000,2023-02-16 10:56:10.423000,7,17,YN67120,252,81.66,3,2023-02-17,2023-02-19,10
515,2023-02-16 11:06:10.179000,2023-02-16 11:06:10.179000,7,8,TO8YVOM,481,349.57,1,2023-02-20,2023-02-18,24
516,2023-02-16 11:27:10.181000,2023-02-16 11:27:10.181000,10,3,FKSBJS7,412,475.01,3,2023-02-22,2023-02-21,4
517,2023-02-16 13:01:10.014000,2023-02-16 13:01:10.014000,4,19,BN1VUH1,824,423.40,1,2023-02-17,2023-02-18,27
518,2023-02-16 15:07:10.325000,2023-02-16 15:07:10.325000,15,16,BA9GWMZ,750,573.98,1,2023-02-22,2023-02-22,13
519,2023-02-16 16:23:09.979000,2023-02-16 16:23:09.979000,16,10,P5MCJ23,862,752.16,3,2023-02-21,2023-02-20,5
520,2023-02-16 16:48:09.771000,2023-02-16 16:48:09.771000,3,15,8S2Q3WC,101,25.52,2,2023-02-19,2023-02-19,26
521,2023-02-16 18:10:09.927000,2023-02-16 18:10:09.927000,1,12,WSOP026,154,101.23,1,2023-02-19,2023-02-18,18
522,2023-02-16 18:46:10.413000,2023-02-16 18:46:10.413000,20,10,8PSA7AQ,352,373.16,1,2023-02-20,2023-02-22,28
523,2023-02-17 08:23:10.054000,2023-02-17 08:23:10.054000,10,16,PWIAUHM,812,598.88,2,2023-02-19,2023-02-20,12
524,2023-02-17 09:30:10.302000,2023-02-17 09:30:10.302000,19,7,TZ84OU0,794,987.97,2,2023-02-19,2023-02-22,24
505,2023-02-15 10:52:09.918000,2023-02-15 10:52:09.918000,19,10,6X7KB0N,664,410.37,1,2023-02-21,2023-02-19,3
525,2023-02-17 13:14:09.846000,2023-02-17 13:14:09.846000,8,18,08U1O9P,399,939.30,1,2023-02-19,2023-02-20,3
526,2023-02-17 13:15:10.228000,2023-02-17 13:15:10.228000,17,18,QOB3KB4,279,474.47,2,2023-02-24,2023-02-23,15
527,2023-02-17 13:26:09.803000,2023-02-17 13:26:09.803000,7,15,B6PETNW,981,912.69,2,2023-02-18,2023-02-22,9
528,2023-02-17 15:18:10.034000,2023-02-17 15:18:10.034000,18,14,H9V3YN9,419,527.12,3,2023-02-20,2023-02-19,30
529,2023-02-20 08:49:10.012000,2023-02-20 08:49:10.012000,10,17,3OEW7IC,486,717.72,3,2023-02-21,2023-02-24,6
530,2023-02-20 09:11:10.092000,2023-02-20 09:11:10.092000,18,10,E1MMUSE,36,894.14,3,2023-02-25,2023-02-22,7
531,2023-02-20 09:51:10.418000,2023-02-20 09:51:10.418000,13,9,G7R0DC8,428,646.45,1,2023-02-26,2023-02-23,5
532,2023-02-20 11:30:10.308000,2023-02-20 11:30:10.308000,14,10,AC8DE24,810,599.75,3,2023-02-21,2023-02-25,7
533,2023-02-20 11:47:09.917000,2023-02-20 11:47:09.917000,4,16,03TF5Q4,690,140.53,1,2023-02-25,2023-02-23,7
534,2023-02-20 11:52:09.881000,2023-02-20 11:52:09.881000,2,13,O09TBA1,695,700.57,3,2023-02-27,2023-02-24,3
535,2023-02-20 11:57:10.087000,2023-02-20 11:57:10.087000,2,19,ZVJHKN3,963,958.06,3,2023-02-23,2023-02-25,12
536,2023-02-20 11:59:09.820000,2023-02-20 11:59:09.820000,14,15,I7ZJSQ3,206,508.26,3,2023-02-21,2023-02-26,24
538,2023-02-20 14:19:09.820000,2023-02-20 14:19:09.820000,15,14,ACH4HVR,216,874.25,3,2023-02-20,2023-02-21,10
539,2023-02-20 14:37:10.324000,2023-02-20 14:37:10.324000,10,13,QAND4LD,621,288.61,1,2023-02-25,2023-02-20,5
540,2023-02-20 16:02:09.844000,2023-02-20 16:02:09.844000,2,7,Q7FLI6E,580,124.20,3,2023-02-25,2023-02-26,21
541,2023-02-20 16:14:09.777000,2023-02-20 16:14:09.777000,13,15,B6785FY,122,898.48,2,2023-02-25,2023-02-23,12
542,2023-02-20 17:44:09.938000,2023-02-20 17:44:09.938000,4,15,696DKTL,856,154.72,3,2023-02-21,2023-02-26,30
543,2023-02-21 08:57:09.937000,2023-02-21 08:57:09.937000,11,13,3LOOTTD,803,660.09,3,2023-02-28,2023-02-22,12
544,2023-02-21 09:19:09.830000,2023-02-21 09:19:09.830000,8,11,4CEQN13,120,535.32,1,2023-02-24,2023-02-25,10
545,2023-02-21 09:33:09.678000,2023-02-21 09:33:09.678000,2,10,GBOC4UC,672,644.11,1,2023-02-25,2023-02-21,4
546,2023-02-21 13:44:10.052000,2023-02-21 13:44:10.052000,19,18,8A8UGOZ,369,602.73,1,2023-02-22,2023-02-27,15
547,2023-02-21 13:57:09.975000,2023-02-21 13:57:09.975000,8,11,6A3WWAJ,105,472.75,1,2023-02-25,2023-02-22,5
548,2023-02-21 15:08:10.238000,2023-02-21 15:08:10.238000,7,5,W1S29FT,297,669.03,3,2023-02-22,2023-02-23,8
549,2023-02-21 16:55:10.354000,2023-02-21 16:55:10.354000,13,19,IT9NWWT,946,416.35,3,2023-02-27,2023-02-24,18
550,2023-02-21 17:02:10.082000,2023-02-21 17:02:10.082000,9,6,LPYF561,863,256.79,1,2023-02-28,2023-02-21,6
551,2023-02-22 08:36:10.426000,2023-02-22 08:36:10.426000,11,9,9H4WWCC,981,241.51,1,2023-02-25,2023-02-25,11
552,2023-02-22 08:50:10.426000,2023-02-22 08:50:10.426000,4,16,34RS0MY,235,407.10,1,2023-02-23,2023-02-25,8
553,2023-02-22 09:30:09.955000,2023-02-22 09:30:09.955000,7,15,H4156GH,608,445.09,1,2023-02-28,2023-02-23,10
554,2023-02-22 10:09:10.272000,2023-02-22 10:09:10.272000,7,10,APFO1SY,529,673.94,3,2023-02-25,2023-02-26,8
555,2023-02-22 10:29:10.387000,2023-02-22 10:29:10.387000,15,10,CI0LPFA,351,179.60,3,2023-02-27,2023-02-26,25
556,2023-02-22 10:43:09.936000,2023-02-22 10:43:09.936000,17,4,8LTC46F,966,667.18,1,2023-02-23,2023-02-22,23
557,2023-02-22 10:44:10.091000,2023-02-22 10:44:10.091000,4,2,A1XFTG4,443,294.82,3,2023-02-25,2023-02-25,10
558,2023-02-22 11:15:09.860000,2023-02-22 11:15:09.860000,17,9,300AJAN,291,855.47,3,2023-03-01,2023-02-22,10
559,2023-02-22 13:25:10.327000,2023-02-22 13:25:10.327000,8,10,IPG4JDM,970,107.58,2,2023-02-28,2023-02-24,21
397,2023-01-31 12:25:10.171000,2023-01-31 12:25:10.171000,1,3,E6XX5DZ,245,964.57,2,2023-02-01,2023-02-05,22
560,2023-02-22 17:13:10.367000,2023-02-22 17:13:10.367000,4,3,RLB9UCS,255,517.72,3,2023-03-01,2023-02-23,22
561,2023-02-22 17:24:09.889000,2023-02-22 17:24:09.889000,11,9,FVR9WMS,290,538.80,3,2023-02-23,2023-02-23,9
562,2023-02-22 18:27:10.285000,2023-02-22 18:27:10.285000,15,20,IDTGX0A,55,717.68,3,2023-02-27,2023-02-28,27
563,2023-02-23 08:11:10.203000,2023-02-23 08:11:10.203000,1,10,2B2589X,462,938.43,2,2023-02-25,2023-02-25,11
564,2023-02-23 09:24:09.980000,2023-02-23 09:24:09.980000,12,6,5UKS4WS,664,496.73,3,2023-02-26,2023-02-24,23
565,2023-02-23 09:39:10.054000,2023-02-23 09:39:10.054000,1,3,MSOHYXB,687,393.59,3,2023-02-25,2023-02-28,26
566,2023-02-23 11:04:09.999000,2023-02-23 11:04:09.999000,15,16,ARVVCQL,68,365.23,1,2023-02-27,2023-03-01,2
567,2023-02-23 11:21:10.193000,2023-02-23 11:21:10.193000,5,15,ME5XGTL,206,523.97,2,2023-02-24,2023-02-25,15
568,2023-02-23 14:41:10.149000,2023-02-23 14:41:10.149000,17,20,LHLU76X,316,150.58,3,2023-02-27,2023-03-01,26
569,2023-02-23 15:13:10.162000,2023-02-23 15:13:10.162000,11,18,NIUEFEY,13,139.49,2,2023-02-23,2023-02-24,15
570,2023-02-23 17:03:09.947000,2023-02-23 17:03:09.947000,7,12,4IH8YOH,122,54.98,1,2023-02-25,2023-02-28,18
571,2023-02-23 17:35:10.251000,2023-02-23 17:35:10.251000,17,6,FKW1I0M,88,377.80,2,2023-02-24,2023-02-28,12
573,2023-02-24 12:46:10.226000,2023-02-24 12:46:10.226000,20,11,UBO0L33,523,273.47,1,2023-02-27,2023-02-26,16
574,2023-02-24 14:03:09.857000,2023-02-24 14:03:09.857000,3,16,EEES8DS,199,857.42,3,2023-02-27,2023-02-27,6
575,2023-02-24 14:40:10.185000,2023-02-24 14:40:10.185000,16,16,KMO0O06,882,501.28,1,2023-03-01,2023-02-25,15
576,2023-02-24 16:17:10.291000,2023-02-24 16:17:10.291000,17,19,04TI95P,679,274.28,2,2023-03-01,2023-02-27,27
577,2023-02-24 16:56:10.105000,2023-02-24 16:56:10.105000,4,11,2NJG1EX,603,259.06,2,2023-02-25,2023-03-01,7
578,2023-02-27 12:38:10.149000,2023-02-27 12:38:10.149000,2,2,0K6012Z,367,762.65,2,2023-02-28,2023-03-01,15
579,2023-02-27 14:14:10.083000,2023-02-27 14:14:10.083000,1,15,Z7VF3LA,923,343.97,1,2023-03-04,2023-03-02,22
580,2023-02-27 14:27:10.582000,2023-02-27 14:27:10.582000,6,14,GQHQIW1,549,742.17,3,2023-03-02,2023-03-04,3
581,2023-02-27 14:28:10.208000,2023-02-27 14:28:10.208000,11,1,7IHU3LY,247,290.66,2,2023-03-01,2023-03-01,2
582,2023-02-27 14:38:10.023000,2023-02-27 14:38:10.023000,18,14,8TZJ5XC,845,781.81,1,2023-03-01,2023-03-01,23
583,2023-02-27 15:25:10.285000,2023-02-27 15:25:10.285000,1,5,WRFCFHL,63,326.84,1,2023-03-03,2023-03-01,1
584,2023-02-27 17:46:10.353000,2023-02-27 17:46:10.353000,4,3,PP0FDPS,185,85.67,3,2023-03-03,2023-03-04,19
585,2023-02-28 09:13:09.772000,2023-02-28 09:13:09.772000,12,10,BRQB46R,172,997.07,2,2023-03-07,2023-03-02,1
586,2023-02-28 10:40:10.294000,2023-02-28 10:40:10.294000,12,14,S9W6X3B,83,562.49,1,2023-02-28,2023-03-03,2
587,2023-02-28 10:56:10.049000,2023-02-28 10:56:10.049000,15,7,3LGG37X,665,947.90,2,2023-03-02,2023-03-05,8
588,2023-02-28 11:22:10.182000,2023-02-28 11:22:10.182000,18,1,6VI1F8F,953,271.01,1,2023-03-01,2023-03-02,26
589,2023-02-28 12:58:10.362000,2023-02-28 12:58:10.362000,11,5,9OMY92Q,905,635.55,1,2023-03-04,2023-03-01,15
590,2023-02-28 13:02:10.214000,2023-02-28 13:02:10.214000,14,10,VQ3XGMQ,256,934.52,2,2023-03-03,2023-03-01,5
591,2023-02-28 13:37:10.264000,2023-02-28 13:37:10.264000,13,17,9SHJNKF,365,340.86,1,2023-03-06,2023-03-06,6
592,2023-03-01 10:53:10.152000,2023-03-01 10:53:10.152000,18,17,RCHTS9L,485,930.12,2,2023-03-04,2023-03-03,10
593,2023-03-01 11:36:09.990000,2023-03-01 11:36:09.990000,14,17,Q4WSZGQ,935,694.44,3,2023-03-06,2023-03-05,7
594,2023-03-01 13:06:10.346000,2023-03-01 13:06:10.346000,11,13,GCGOI4V,997,881.52,3,2023-03-01,2023-03-02,24
595,2023-03-01 13:36:10.196000,2023-03-01 13:36:10.196000,1,8,17HDBUF,535,639.36,3,2023-03-04,2023-03-06,5
596,2023-03-01 16:11:10.166000,2023-03-01 16:11:10.166000,20,4,D6R6XFX,112,266.11,3,2023-03-03,2023-03-07,11
597,2023-03-01 17:06:10.096000,2023-03-01 17:06:10.096000,8,13,LC4FB7P,244,378.46,2,2023-03-02,2023-03-05,19
598,2023-03-01 17:35:10.243000,2023-03-01 17:35:10.243000,12,2,QL9RHU8,351,972.81,2,2023-03-07,2023-03-05,2
599,2023-03-02 08:24:10.185000,2023-03-02 08:24:10.185000,19,1,3RCZZDC,443,120.76,2,2023-03-06,2023-03-05,29
600,2023-03-02 08:48:10.165000,2023-03-02 08:48:10.165000,10,3,9O5NPNO,231,175.51,1,2023-03-08,2023-03-03,11
601,2023-03-02 08:55:10.470000,2023-03-02 08:55:10.470000,4,1,BJQKMNM,217,171.10,2,2023-03-09,2023-03-02,20
602,2023-03-02 09:05:09.837000,2023-03-02 09:05:09.837000,12,8,PH7O7QC,459,672.03,3,2023-03-06,2023-03-05,9
603,2023-03-02 10:13:10.227000,2023-03-02 10:13:10.227000,11,2,983P1J8,758,839.58,1,2023-03-05,2023-03-07,29
604,2023-03-02 11:38:10.253000,2023-03-02 11:38:10.253000,8,10,N6PHVUF,238,581.20,1,2023-03-08,2023-03-05,16
605,2023-03-02 13:18:10.073000,2023-03-02 13:18:10.073000,18,10,ONWZFOC,602,898.28,2,2023-03-03,2023-03-03,29
606,2023-03-02 14:43:10.313000,2023-03-02 14:43:10.313000,5,1,JNPRPS1,704,12.79,3,2023-03-09,2023-03-06,12
607,2023-03-02 17:07:10.335000,2023-03-02 17:07:10.335000,16,3,FUNT2TZ,332,692.84,1,2023-03-08,2023-03-03,14
608,2023-03-02 17:46:09.713000,2023-03-02 17:46:09.713000,13,10,ZQALYXI,666,841.61,3,2023-03-09,2023-03-03,1
609,2023-03-02 18:06:10.405000,2023-03-02 18:06:10.405000,18,2,B4C9F5Y,590,497.52,2,2023-03-04,2023-03-03,1
610,2023-03-03 08:00:13.229000,2023-03-03 08:00:13.229000,14,14,4N9HIUY,460,910.87,2,2023-03-08,2023-03-07,18
611,2023-03-03 08:03:10.193000,2023-03-03 08:03:10.193000,14,2,LOYOVN4,241,376.46,1,2023-03-04,2023-03-08,22
612,2023-03-03 08:35:09.950000,2023-03-03 08:35:09.950000,5,5,ZPOL53B,675,610.52,3,2023-03-06,2023-03-05,29
613,2023-03-03 08:37:10.368000,2023-03-03 08:37:10.368000,14,11,3S0JLRX,586,152.32,2,2023-03-05,2023-03-06,6
615,2023-03-03 11:23:09.987000,2023-03-03 11:23:09.987000,3,4,QARCI1M,940,498.19,1,2023-03-07,2023-03-03,5
616,2023-03-03 13:36:10.351000,2023-03-03 13:36:10.351000,15,10,4LZTR5N,107,951.72,3,2023-03-06,2023-03-06,22
617,2023-03-03 13:54:10.466000,2023-03-03 13:54:10.466000,17,11,ALHRLD7,752,108.46,3,2023-03-06,2023-03-07,22
618,2023-03-03 14:14:10.068000,2023-03-03 14:14:10.068000,8,13,BCF9BOM,734,799.59,2,2023-03-09,2023-03-09,7
619,2023-03-03 16:55:10.306000,2023-03-03 16:55:10.306000,3,7,V7AJQVO,300,309.38,2,2023-03-08,2023-03-09,3
620,2023-03-03 18:19:09.948000,2023-03-03 18:19:09.948000,17,9,V54VC3M,644,501.11,1,2023-03-06,2023-03-04,14
621,2023-03-03 18:54:10.206000,2023-03-03 18:54:10.206000,18,17,9MPBR0Z,142,362.26,1,2023-03-05,2023-03-05,21
614,2023-03-03 10:54:10.140000,2023-03-03 10:54:10.140000,16,12,GPL5UXY,151,53.04,1,2023-03-08,2023-03-05,14
622,2023-03-06 09:47:09.937000,2023-03-06 09:47:09.937000,9,3,3P63KRH,151,321.75,3,2023-03-11,2023-03-10,12
623,2023-03-06 12:22:09.988000,2023-03-06 12:22:09.988000,2,13,INYJNBE,531,386.62,3,2023-03-13,2023-03-10,14
624,2023-03-06 13:39:10.268000,2023-03-06 13:39:10.268000,2,4,VSFSKQK,843,854.61,2,2023-03-09,2023-03-09,20
625,2023-03-06 13:46:09.742000,2023-03-06 13:46:09.742000,8,9,VON13CA,699,165.76,1,2023-03-08,2023-03-11,16
626,2023-03-06 15:41:10.183000,2023-03-06 15:41:10.183000,14,6,3RT5G3D,927,492.53,2,2023-03-09,2023-03-08,22
627,2023-03-06 15:49:09.975000,2023-03-06 15:49:09.975000,17,18,CS53Q9S,683,964.47,2,2023-03-07,2023-03-11,26
628,2023-03-06 16:00:10.139000,2023-03-06 16:00:10.139000,9,8,N8Q7K5R,884,632.37,2,2023-03-09,2023-03-09,20
629,2023-03-06 16:45:09.688000,2023-03-06 16:45:09.688000,13,16,B7IKPST,341,780.59,2,2023-03-11,2023-03-10,12
630,2023-03-06 18:33:10.121000,2023-03-06 18:33:10.121000,20,19,TM6KJIK,452,497.61,2,2023-03-08,2023-03-09,29
631,2023-03-07 09:57:10.431000,2023-03-07 09:57:10.431000,6,7,L7O3KF2,566,790.54,3,2023-03-13,2023-03-08,15
632,2023-03-07 10:27:09.902000,2023-03-07 10:27:09.902000,14,10,2ID6S8A,669,224.99,2,2023-03-12,2023-03-10,11
633,2023-03-07 10:28:10.088000,2023-03-07 10:28:10.088000,6,11,N55XIWR,63,897.61,3,2023-03-08,2023-03-10,18
634,2023-03-07 12:04:10.373000,2023-03-07 12:04:10.373000,2,11,J4UZX0O,521,160.45,1,2023-03-10,2023-03-12,20
635,2023-03-07 12:33:10.136000,2023-03-07 12:33:10.136000,14,11,FKVC2U9,901,209.27,2,2023-03-08,2023-03-13,2
637,2023-03-07 14:22:10.033000,2023-03-07 14:22:10.033000,17,4,FPOJCZB,329,198.17,2,2023-03-14,2023-03-12,24
464,2023-02-08 16:04:10.072000,2023-02-08 16:04:10.072000,11,13,2S0RII0,594,258.27,1,2023-03-08,2023-02-11,30
638,2023-03-07 17:14:10.048000,2023-03-07 17:14:10.048000,3,20,3L3S8I7,609,37.75,3,2023-03-09,2023-03-11,30
636,2023-03-07 14:07:09.908000,2023-03-07 14:07:09.908000,17,5,P4AGJDA,538,490.89,1,2023-03-12,2023-03-08,27
639,2023-03-08 08:05:10.374000,2023-03-08 08:05:10.374000,8,14,ZOY1ZCP,842,287.21,3,2023-03-14,2023-03-09,21
640,2023-03-08 08:49:09.894000,2023-03-08 08:49:09.894000,19,9,AE92AV5,651,491.85,3,2023-03-12,2023-03-10,24
641,2023-03-08 09:15:09.733000,2023-03-08 09:15:09.733000,7,7,0QT77R3,513,554.56,1,2023-03-15,2023-03-10,10
642,2023-03-08 09:29:10.466000,2023-03-08 09:29:10.466000,7,13,KL5ET22,6,478.22,3,2023-03-14,2023-03-10,28
643,2023-03-08 10:32:09.984000,2023-03-08 10:32:09.984000,5,11,DSY9UJO,655,782.70,3,2023-03-10,2023-03-14,29
644,2023-03-08 10:40:10.111000,2023-03-08 10:40:10.111000,19,18,RAOOCKE,762,860.91,2,2023-03-14,2023-03-12,12
645,2023-03-08 10:58:10.529000,2023-03-08 10:58:10.529000,10,13,27O8L3F,629,773.44,1,2023-03-09,2023-03-12,13
537,2023-02-20 12:51:10.116000,2023-02-20 12:51:10.116000,7,5,29O7IVW,12,912.16,1,2023-02-21,2023-02-20,5
646,2023-03-08 11:10:10.130000,2023-03-08 11:10:10.130000,19,3,1VQEDMG,465,188.78,2,2023-03-14,2023-03-13,26
647,2023-03-08 11:37:10.092000,2023-03-08 11:37:10.092000,12,20,8BRTTFP,617,997.49,2,2023-03-11,2023-03-08,29
648,2023-03-08 12:31:09.924000,2023-03-08 12:31:09.924000,1,2,D5IUCZW,150,763.13,1,2023-03-11,2023-03-08,22
649,2023-03-08 12:55:10.396000,2023-03-08 12:55:10.396000,18,1,TXF05ZR,101,200.16,3,2023-03-12,2023-03-12,4
650,2023-03-08 14:23:09.986000,2023-03-08 14:23:09.986000,16,3,AQOLTGU,411,920.97,2,2023-03-10,2023-03-13,1
651,2023-03-08 15:30:10.550000,2023-03-08 15:30:10.550000,18,4,607PMJS,875,52.21,3,2023-03-08,2023-03-14,2
652,2023-03-08 15:45:10.105000,2023-03-08 15:45:10.105000,16,11,C7UZPW4,353,523.49,1,2023-03-10,2023-03-10,17
653,2023-03-08 16:23:10.192000,2023-03-08 16:23:10.192000,15,2,YYCD680,207,683.36,2,2023-03-09,2023-03-13,6
654,2023-03-08 16:38:10.075000,2023-03-08 16:38:10.075000,9,15,EZC01ST,115,404.76,3,2023-03-15,2023-03-13,1
655,2023-03-08 17:04:10.109000,2023-03-08 17:04:10.109000,20,6,SK6LX1M,397,725.58,1,2023-03-12,2023-03-09,6
657,2023-03-08 18:59:09.986000,2023-03-08 18:59:09.986000,7,9,86K9M90,931,989.66,3,2023-03-14,2023-03-13,5
658,2023-03-09 10:20:10.077000,2023-03-09 10:20:10.077000,11,20,J2PY8N3,966,373.67,1,2023-03-11,2023-03-14,11
659,2023-03-09 10:41:10.165000,2023-03-09 10:41:10.165000,11,18,52QWPR1,703,561.42,3,2023-03-15,2023-03-14,7
660,2023-03-09 11:05:10.029000,2023-03-09 11:05:10.029000,3,16,NMOQFEP,297,253.89,3,2023-03-15,2023-03-11,8
661,2023-03-09 12:06:10.468000,2023-03-09 12:06:10.468000,19,11,C76437R,247,310.54,1,2023-03-14,2023-03-14,4
662,2023-03-09 13:47:09.979000,2023-03-09 13:47:09.979000,11,4,QAG4BUV,143,413.17,3,2023-03-12,2023-03-10,8
663,2023-03-09 14:08:09.915000,2023-03-09 14:08:09.915000,9,11,4KGQPBD,510,39.55,1,2023-03-15,2023-03-15,30
664,2023-03-09 14:33:10.091000,2023-03-09 14:33:10.091000,19,3,BAB538Z,210,764.32,3,2023-03-14,2023-03-10,22
665,2023-03-09 16:31:10.194000,2023-03-09 16:31:10.194000,10,8,A69HM2O,33,956.31,3,2023-03-16,2023-03-11,12
666,2023-03-09 16:41:09.873000,2023-03-09 16:41:09.873000,20,8,JLC8ALN,357,84.92,2,2023-03-09,2023-03-15,10
667,2023-03-09 17:45:10.062000,2023-03-09 17:45:10.062000,3,9,FM01LQ3,211,403.21,3,2023-03-11,2023-03-11,23
668,2023-03-09 18:02:09.956000,2023-03-09 18:02:09.956000,9,7,GB7JYJH,949,381.48,3,2023-03-14,2023-03-10,14
669,2023-03-10 08:42:10.271000,2023-03-10 08:42:10.271000,20,18,BHG3Q5F,154,340.14,1,2023-03-16,2023-03-12,12
670,2023-03-10 09:11:09.848000,2023-03-10 09:11:09.848000,9,9,SBY9AR1,325,692.09,2,2023-03-12,2023-03-15,4
671,2023-03-10 11:24:09.905000,2023-03-10 11:24:09.905000,16,20,SDHF17I,642,695.94,2,2023-03-13,2023-03-11,9
672,2023-03-10 15:44:10.113000,2023-03-10 15:44:10.113000,1,12,TJWX4NY,689,100.17,1,2023-03-10,2023-03-12,9
673,2023-03-10 16:41:09.922000,2023-03-10 16:41:09.922000,10,12,3XZE3P6,654,247.08,2,2023-03-13,2023-03-12,4
674,2023-03-10 18:05:10.143000,2023-03-10 18:05:10.143000,10,7,0YSXAHX,315,478.75,1,2023-03-13,2023-03-11,14
675,2023-03-10 18:08:09.795000,2023-03-10 18:08:09.795000,8,8,HVHVBOR,532,859.84,1,2023-03-14,2023-03-16,28
676,2023-03-13 08:00:13.318000,2023-03-13 08:00:13.318000,9,13,HQSAQT1,525,505.13,3,2023-03-17,2023-03-14,28
677,2023-03-13 08:41:09.854000,2023-03-13 08:41:09.854000,19,13,9ZPQB14,224,876.69,2,2023-03-18,2023-03-19,25
678,2023-03-13 11:16:10.094000,2023-03-13 11:16:10.094000,20,14,DWTH9MM,865,312.91,2,2023-03-15,2023-03-15,26
679,2023-03-13 12:08:10.104000,2023-03-13 12:08:10.104000,9,7,ZORXJ3T,498,825.12,2,2023-03-16,2023-03-13,22
680,2023-03-13 12:44:10.161000,2023-03-13 12:44:10.161000,17,7,K0ZE5YM,178,689.81,2,2023-03-20,2023-03-18,29
681,2023-03-13 13:02:10.407000,2023-03-13 13:02:10.407000,2,20,XAE5R2V,569,434.18,3,2023-03-17,2023-03-16,24
682,2023-03-13 13:29:10.090000,2023-03-13 13:29:10.090000,5,15,KBJ4PHH,932,259.65,2,2023-03-18,2023-03-17,13
683,2023-03-13 14:30:10.066000,2023-03-13 14:30:10.066000,7,1,Y8ZL28R,320,355.49,3,2023-03-13,2023-03-16,3
684,2023-03-13 16:20:10.085000,2023-03-13 16:20:10.085000,13,1,IX3NOCT,335,810.72,2,2023-03-14,2023-03-16,25
685,2023-03-13 17:39:09.997000,2023-03-13 17:39:09.997000,6,2,29X0OVK,940,636.94,3,2023-03-18,2023-03-19,25
686,2023-03-13 18:06:09.970000,2023-03-13 18:06:09.970000,10,6,BVUI67A,855,199.11,3,2023-03-18,2023-03-15,9
687,2023-03-14 09:16:09.996000,2023-03-14 09:16:09.996000,12,12,U4FIPSZ,738,246.58,1,2023-03-15,2023-03-16,3
688,2023-03-14 09:41:10.399000,2023-03-14 09:41:10.399000,19,5,ULOPC2N,532,689.85,2,2023-03-18,2023-03-20,29
656,2023-03-08 18:35:10.485000,2023-03-08 18:35:10.485000,8,11,KF01JSX,256,303.92,2,2023-03-13,2023-03-12,28
689,2023-03-14 12:42:09.994000,2023-03-14 12:42:09.994000,5,20,AB3U1AA,167,333.18,3,2023-03-19,2023-03-18,29
690,2023-03-14 16:20:09.756000,2023-03-14 16:20:09.756000,19,5,IC7Q961,376,200.09,3,2023-03-20,2023-03-18,15
691,2023-03-14 17:43:10.382000,2023-03-14 17:43:10.382000,11,8,YTT5W53,669,747.70,3,2023-03-18,2023-03-16,30
692,2023-03-14 18:55:10.325000,2023-03-14 18:55:10.325000,12,8,FWHJPSO,223,408.19,3,2023-03-20,2023-03-18,17
693,2023-03-15 08:11:10.135000,2023-03-15 08:11:10.135000,19,8,MXWJ37X,333,800.00,1,2023-03-15,2023-03-16,23
694,2023-03-15 08:51:09.884000,2023-03-15 08:51:09.884000,15,16,OZFHWQT,621,983.70,3,2023-03-20,2023-03-16,5
695,2023-03-15 10:47:10.385000,2023-03-15 10:47:10.385000,14,19,ZQV5O3I,560,343.99,3,2023-03-19,2023-03-17,16
696,2023-03-15 11:01:09.822000,2023-03-15 11:01:09.822000,15,2,5OBAVOB,865,135.64,2,2023-03-19,2023-03-17,1
697,2023-03-15 12:27:10.620000,2023-03-15 12:27:10.620000,18,16,0UUJFTW,575,52.66,1,2023-03-16,2023-03-19,13
698,2023-03-15 12:55:10.062000,2023-03-15 12:55:10.062000,15,8,B2YKF15,730,79.55,3,2023-03-22,2023-03-17,13
699,2023-03-15 14:06:10.103000,2023-03-15 14:06:10.103000,18,16,4G2M8DI,477,819.69,2,2023-03-16,2023-03-18,11
700,2023-03-15 15:17:10.036000,2023-03-15 15:17:10.036000,1,14,TA77AY5,805,725.48,1,2023-03-21,2023-03-19,13
701,2023-03-15 15:54:10.302000,2023-03-15 15:54:10.302000,12,3,FVR4TOC,706,677.33,3,2023-03-16,2023-03-17,11
702,2023-03-15 16:44:10.086000,2023-03-15 16:44:10.086000,14,7,VORJY3I,971,518.62,1,2023-03-21,2023-03-16,17
703,2023-03-15 17:59:10.140000,2023-03-15 17:59:10.140000,5,2,LMG2P9S,649,496.49,1,2023-03-19,2023-03-17,26
704,2023-03-15 18:21:10.088000,2023-03-15 18:21:10.088000,19,12,LLHLXRT,604,555.95,1,2023-03-18,2023-03-21,19
705,2023-03-15 18:48:09.881000,2023-03-15 18:48:09.881000,11,19,EOFYYOU,649,10.05,2,2023-03-17,2023-03-18,2
706,2023-03-16 10:52:09.885000,2023-03-16 10:52:09.885000,2,5,1XDT55Q,113,978.30,2,2023-03-21,2023-03-18,29
707,2023-03-16 11:26:10.133000,2023-03-16 11:26:10.133000,15,17,RS6TZSP,278,259.22,2,2023-03-20,2023-03-20,18
708,2023-03-16 11:28:10.058000,2023-03-16 11:28:10.058000,12,5,4RRGVQT,964,527.61,2,2023-03-23,2023-03-20,9
709,2023-03-16 11:38:09.872000,2023-03-16 11:38:09.872000,1,13,7NR3ODB,541,988.27,3,2023-03-19,2023-03-17,10
710,2023-03-16 13:08:10.096000,2023-03-16 13:08:10.096000,18,11,3YWZXUX,661,400.41,1,2023-03-23,2023-03-19,6
572,2023-02-24 10:40:09.977000,2023-02-24 10:40:09.977000,7,9,YFF8NBQ,998,536.98,3,2023-02-26,2023-02-25,11
711,2023-03-16 18:14:09.682000,2023-03-16 18:14:09.682000,1,15,3X3UF7N,854,192.53,1,2023-03-18,2023-03-20,16
712,2023-03-17 08:23:10.303000,2023-03-17 08:23:10.303000,12,5,E1A7NJN,174,621.92,2,2023-03-17,2023-03-18,29
713,2023-03-17 10:06:10.483000,2023-03-17 10:06:10.483000,1,16,I8Y5ONN,12,207.38,1,2023-03-20,2023-03-18,26
714,2023-03-17 10:16:10.231000,2023-03-17 10:16:10.231000,6,3,T4IJUT1,266,303.66,1,2023-03-21,2023-03-21,5
715,2023-03-17 11:49:10.184000,2023-03-17 11:49:10.184000,5,2,5ND60XY,462,19.33,2,2023-03-20,2023-03-18,5
716,2023-03-17 12:38:09.896000,2023-03-17 12:38:09.896000,20,17,RP4TDVJ,792,521.98,2,2023-03-20,2023-03-17,23
717,2023-03-17 15:44:10.269000,2023-03-17 15:44:10.269000,8,4,UFYBXW3,520,980.63,2,2023-03-21,2023-03-18,4
718,2023-03-17 17:14:09.891000,2023-03-17 17:14:09.891000,20,1,NT7P5SH,865,953.46,2,2023-03-22,2023-03-19,2
719,2023-03-17 17:39:09.656000,2023-03-17 17:39:09.656000,2,15,9EMSUO5,921,357.80,1,2023-03-18,2023-03-18,14
720,2023-03-17 18:00:09.898000,2023-03-17 18:00:09.898000,12,5,XBKFLUH,582,627.21,3,2023-03-21,2023-03-18,10
721,2023-03-17 18:13:09.725000,2023-03-17 18:13:09.725000,9,20,8TC89JH,983,727.67,1,2023-03-20,2023-03-21,7
722,2023-03-17 18:57:10.218000,2023-03-17 18:57:10.218000,18,17,GMPHNX2,42,850.63,1,2023-03-17,2023-03-18,3
723,2023-03-20 09:05:09.593000,2023-03-20 09:05:09.593000,3,12,ERMCTKS,799,166.63,2,2023-03-23,2023-03-24,1
724,2023-03-20 09:18:09.751000,2023-03-20 09:18:09.751000,7,11,84YFMTH,288,504.77,2,2023-03-25,2023-03-20,8
725,2023-03-20 10:09:09.653000,2023-03-20 10:09:09.653000,18,10,KA6K5OX,276,972.12,2,2023-03-26,2023-03-21,13
726,2023-03-20 11:40:10.010000,2023-03-20 11:40:10.010000,18,10,IZVQKQ8,63,33.67,2,2023-03-25,2023-03-21,20
727,2023-03-20 13:33:10.062000,2023-03-20 13:33:10.062000,14,7,TPOLTBG,439,860.80,1,2023-03-26,2023-03-26,9
728,2023-03-20 16:34:09.956000,2023-03-20 16:34:09.956000,6,3,RAW4OF7,114,505.95,2,2023-03-25,2023-03-21,5
729,2023-03-20 16:54:10.059000,2023-03-20 16:54:10.059000,2,16,VFR3LWT,91,810.24,3,2023-03-25,2023-03-25,25
730,2023-03-20 17:02:09.634000,2023-03-20 17:02:09.634000,18,13,50PZZ0L,47,830.72,2,2023-03-23,2023-03-23,25
731,2023-03-20 18:47:09.976000,2023-03-20 18:47:09.976000,1,3,S8474KN,793,974.03,1,2023-03-22,2023-03-25,8
732,2023-03-21 08:35:09.765000,2023-03-21 08:35:09.765000,5,2,L17V3KM,58,60.67,2,2023-03-23,2023-03-21,30
733,2023-03-21 09:45:09.727000,2023-03-21 09:45:09.727000,15,16,EGKY2J5,97,719.64,1,2023-03-25,2023-03-26,12
734,2023-03-21 10:08:09.702000,2023-03-21 10:08:09.702000,7,2,9K6RXF3,389,935.52,1,2023-03-22,2023-03-22,12
735,2023-03-21 12:02:10.130000,2023-03-21 12:02:10.130000,8,16,X8R2O6Q,159,869.06,2,2023-03-25,2023-03-24,18
736,2023-03-21 13:11:09.963000,2023-03-21 13:11:09.963000,8,11,5I1Z3NN,519,731.52,1,2023-03-24,2023-03-24,25
737,2023-03-21 13:14:10.044000,2023-03-21 13:14:10.044000,11,7,F5EH9Q2,890,195.88,3,2023-03-27,2023-03-27,22
738,2023-03-21 14:11:09.788000,2023-03-21 14:11:09.788000,3,7,HP0M5WI,232,985.75,2,2023-03-21,2023-03-27,10
739,2023-03-21 15:03:09.845000,2023-03-21 15:03:09.845000,12,19,PGIJ20V,398,445.11,2,2023-03-23,2023-03-24,12
